{
    "titanService": "https://apititanv2.dev.inetpsa.com:444/TITAN.svc/",
	 
     "altisService": "https://apititanv2.dev.inetpsa.com:444/Altis.svc/",
     "plmService":   "https://apititanv2.dev.inetpsa.com:444/PLM.svc/",
     

      "stage": "dev",
       "debugEnabled":true,
       
  "issuerURL": "https://idfed-preprod.mpsa.com:443",
    "redirectURI": "http://localhost:4200",
    "clientID": "KQSUQEKEUAEHREXHCVZBGCGMKPOGWJGV",
    "dummyClientSecretVar": "CmYAyVOuq70VLWoyXyvVrki6ObYCKdD3sX7tKlwTE0l10VeWRExouvPRAshG4mii",
    "tokenEndpoint": "https://idfed-preprod.mpsa.com:443/as/token.oauth2",
    "responseType": "code",
    "scopeVar": "openid",
    "logoutUrl": "https://idfed-preprod.mpsa.com:443/idp/startSLO.ping",
    "allowedUrl":"https://apititanv2.preprod.inetpsa.com:444/*",

    "helpLink": "http://docinfogroupe.inetpsa.com/ead/doc/ref.00928_21_00051/v.vc/pj",

    "refreshTokenInterval":600000,
    "idleTimeInterval":2700,
    "idleTimeOutInterval":900

 }

 
 