{"GetMeasureAllResult":{"Defects":[{"ANNULE":0,"AVEC_PJ":null,"BDG":"7936747","CODE_COTE_DEFAUT":null,"CODE_DECOUPAGE_BRUT":"3T3K07001","CODE_LOCALISATION_DETECTE":"N9NTSA","CODE_NATURE_DEFAUT":"127","DATE_MAJ_BRUT":"\/Date(1555574520000+0200)\/","DATE_MAJ_TITAN":"\/Date(1607609925000+0100)\/","ETAT_CODIFICATION":"DRAFT","GRAVITE":"B","ID":1202678,"ID_MESURE":622436,"LIB_COTE_DEFAUT":null,"LIB_DECOUPAGE_BRUT":"{3T3K07001}","LIB_LOCALISATION_DETECTE":"LUGGAGE HOLDER MESH SUPPORT","LIB_NATURE_DEFAUT":"INCORRECTLY FASTENED OR INSECURE","LIB_SIT":"Mulhouse","NOF":"8K19ABL8","NOUVEAUTE":"N","NUMERO_DEFAUT_BRUT":"DEF_MU_2018_S39_0025018","OBSERVATION":null,"ORIGINE_DEFAUT":"NEO","POIDS":0,"QTA0_IDENTIFIANT_FT":null,"QTA0_IDENTIFIANT_ISSUE":null,"QTA0_ID_ISSUE":null,"QTA0_PILOTE_FT":null,"TYPE_APPARITION":"N","VIS":"JY149192"},{"ANNULE":0,"AVEC_PJ":null,"BDG":"7936747","CODE_COTE_DEFAUT":null,"CODE_DECOUPAGE_BRUT":"3Z4F45002","CODE_LOCALISATION_DETECTE":"N9SSR0","CODE_NATURE_DEFAUT":"716","DATE_MAJ_BRUT":"\/Date(1555573320000+0200)\/","DATE_MAJ_TITAN":"\/Date(1607610202000+0100)\/","ETAT_CODIFICATION":"INIT","GRAVITE":"B","ID":1196248,"ID_MESURE":622436,"LIB_COTE_DEFAUT":null,"LIB_DECOUPAGE_BRUT":"INFRARED VISION ELECTRONIC CONTROL UNIT","LIB_LOCALISATION_DETECTE":"INFRARED VISION ELECTRONIC CONTROL UNIT","LIB_NATURE_DEFAUT":"LEARNING DEFECT","LIB_SIT":"Mulhouse","NOF":"8K19ABL8","NOUVEAUTE":"C","NUMERO_DEFAUT_BRUT":"DEF_MU_2018_S38_0039794","OBSERVATION":"- . - OPECONTL -  - BANC NON FAIT - RFS=9SSR0 NAT=94600 ","ORIGINE_DEFAUT":"NEO","POIDS":0,"QTA0_IDENTIFIANT_FT":null,"QTA0_IDENTIFIANT_ISSUE":null,"QTA0_ID_ISSUE":null,"QTA0_PILOTE_FT":null,"TYPE_APPARITION":"N","VIS":"JY149192"},{"ANNULE":0,"AVEC_PJ":null,"BDG":"7936747","CODE_COTE_DEFAUT":null,"CODE_DECOUPAGE_BRUT":"3Z4F19024","CODE_LOCALISATION_DETECTE":"N9VAQ0","CODE_NATURE_DEFAUT":"805","DATE_MAJ_BRUT":"\/Date(1555573320000+0200)\/","DATE_MAJ_TITAN":"\/Date(1607417521000+0100)\/","ETAT_CODIFICATION":"INIT","GRAVITE":"B","ID":1193663,"ID_MESURE":622436,"LIB_COTE_DEFAUT":null,"LIB_DECOUPAGE_BRUT":"PANORAMIC VISION UNIT","LIB_LOCALISATION_DETECTE":"PANORAMIC VISION UNIT","LIB_NATURE_DEFAUT":"UNPLUGGED CONNECTOR","LIB_SIT":"Mulhouse","NOF":"8K19ABL8","NOUVEAUTE":"C","NUMERO_DEFAUT_BRUT":"DEF_MU_2018_S38_0039795","OBSERVATION":"- . - OPECONTL -  - RFS=9VAQ0 NAT=94600 ","ORIGINE_DEFAUT":"NEO","POIDS":0,"QTA0_IDENTIFIANT_FT":null,"QTA0_IDENTIFIANT_ISSUE":null,"QTA0_ID_ISSUE":null,"QTA0_PILOTE_FT":null,"TYPE_APPARITION":"N","VIS":"JY149192"},{"ANNULE":0,"AVEC_PJ":null,"BDG":"7936747","CODE_COTE_DEFAUT":null,"CODE_DECOUPAGE_BRUT":"3N1D07002","CODE_LOCALISATION_DETECTE":"N6KRO2","CODE_NATURE_DEFAUT":"090","DATE_MAJ_BRUT":"\/Date(1555574520000+0200)\/","DATE_MAJ_TITAN":null,"ETAT_CODIFICATION":"INIT","GRAVITE":"B","ID":1202760,"ID_MESURE":622436,"LIB_COTE_DEFAUT":null,"LIB_DECOUPAGE_BRUT":"{3N1D07002}","LIB_LOCALISATION_DETECTE":"RHR INNER DOOR PULL HANDLE TRIM","LIB_NATURE_DEFAUT":"EXCESSIVE GAP","LIB_SIT":"Mulhouse","NOF":"8K19ABL8","NOUVEAUTE":"I","NUMERO_DEFAUT_BRUT":"DEF_MU_2018_S39_0025013","OBSERVATION":null,"ORIGINE_DEFAUT":"NEO","POIDS":0,"QTA0_IDENTIFIANT_FT":null,"QTA0_IDENTIFIANT_ISSUE":null,"QTA0_ID_ISSUE":null,"QTA0_PILOTE_FT":null,"TYPE_APPARITION":"N","VIS":"JY149192"},{"ANNULE":0,"AVEC_PJ":null,"BDG":"7936747","CODE_COTE_DEFAUT":null,"CODE_DECOUPAGE_BRUT":"3V1A01023","CODE_LOCALISATION_DETECTE":"N9UXM0","CODE_NATURE_DEFAUT":"127","DATE_MAJ_BRUT":"\/Date(1555574520000+0200)\/","DATE_MAJ_TITAN":"\/Date(1608811133000+0100)\/","ETAT_CODIFICATION":"INIT","GRAVITE":"B","ID":1202796,"ID_MESURE":622436,"LIB_COTE_DEFAUT":null,"LIB_DECOUPAGE_BRUT":"{3V1A01023}","LIB_LOCALISATION_DETECTE":"SIDE FINISHER AIR INTAKE SCREEN HOOD LH","LIB_NATURE_DEFAUT":"INCORRECTLY FASTENED OR INSECURE","LIB_SIT":"Mulhouse","NOF":"8K19ABL8","NOUVEAUTE":"N","NUMERO_DEFAUT_BRUT":"DEF_MU_2018_S39_0025010","OBSERVATION":null,"ORIGINE_DEFAUT":"NEO","POIDS":0,"QTA0_IDENTIFIANT_FT":null,"QTA0_IDENTIFIANT_ISSUE":null,"QTA0_ID_ISSUE":null,"QTA0_PILOTE_FT":null,"TYPE_APPARITION":"N","VIS":"JY149192"},{"ANNULE":0,"AVEC_PJ":null,"BDG":"7936747","CODE_COTE_DEFAUT":null,"CODE_DECOUPAGE_BRUT":"3R1B","CODE_LOCALISATION_DETECTE":"N9LWG0","CODE_NATURE_DEFAUT":"109","DATE_MAJ_BRUT":"\/Date(1555574520000+0200)\/","DATE_MAJ_TITAN":null,"ETAT_CODIFICATION":"INIT","GRAVITE":"B","ID":1202802,"ID_MESURE":622436,"LIB_COTE_DEFAUT":null,"LIB_DECOUPAGE_BRUT":"{3R1B}","LIB_LOCALISATION_DETECTE":"REAR BUMPER","LIB_NATURE_DEFAUT":"INCORRECTLY FITTED","LIB_SIT":"Mulhouse","NOF":"8K19ABL8","NOUVEAUTE":"I","NUMERO_DEFAUT_BRUT":"DEF_MU_2018_S39_0025032","OBSERVATION":"COTE G ZONE TECH VISIBLE SOUS JOINT ","ORIGINE_DEFAUT":"NEO","POIDS":0,"QTA0_IDENTIFIANT_FT":null,"QTA0_IDENTIFIANT_ISSUE":null,"QTA0_ID_ISSUE":null,"QTA0_PILOTE_FT":null,"TYPE_APPARITION":"N","VIS":"JY149192"},{"ANNULE":0,"AVEC_PJ":null,"BDG":"7936747","CODE_COTE_DEFAUT":null,"CODE_DECOUPAGE_BRUT":"3Y2D11006","CODE_LOCALISATION_DETECTE":"N9RTJ0","CODE_NATURE_DEFAUT":"173","DATE_MAJ_BRUT":"\/Date(1555573320000+0200)\/","DATE_MAJ_TITAN":null,"ETAT_CODIFICATION":"INIT","GRAVITE":"B","ID":1202833,"ID_MESURE":622436,"LIB_COTE_DEFAUT":null,"LIB_DECOUPAGE_BRUT":"{3Y2D11006}","LIB_LOCALISATION_DETECTE":"LH RR SEAT BACK","LIB_NATURE_DEFAUT":"CREASED, LOOSE","LIB_SIT":"Mulhouse","NOF":"8K19ABL8","NOUVEAUTE":"I","NUMERO_DEFAUT_BRUT":"DEF_MU_2018_S39_0025053","OBSERVATION":null,"ORIGINE_DEFAUT":"NEO","POIDS":0,"QTA0_IDENTIFIANT_FT":null,"QTA0_IDENTIFIANT_ISSUE":null,"QTA0_ID_ISSUE":null,"QTA0_PILOTE_FT":null,"TYPE_APPARITION":"N","VIS":"JY149192"},{"ANNULE":0,"AVEC_PJ":null,"BDG":"7936747","CODE_COTE_DEFAUT":null,"CODE_DECOUPAGE_BRUT":"3Z9L","CODE_LOCALISATION_DETECTE":"N9TRJ0","CODE_NATURE_DEFAUT":"845","DATE_MAJ_BRUT":"\/Date(1555574520000+0200)\/","DATE_MAJ_TITAN":null,"ETAT_CODIFICATION":"INIT","GRAVITE":"B","ID":1195950,"ID_MESURE":622436,"LIB_COTE_DEFAUT":null,"LIB_DECOUPAGE_BRUT":"{3Z9L}","LIB_LOCALISATION_DETECTE":"WIRING HARNESS - MAIN","LIB_NATURE_DEFAUT":"BADLY CLIPPED, IMPROPERLY SECURED","LIB_SIT":"Mulhouse","NOF":"8K19ABL8","NOUVEAUTE":"I","NUMERO_DEFAUT_BRUT":"DEF_MU_2018_S38_0038321","OBSERVATION":"MOTEUR","ORIGINE_DEFAUT":"NEO","POIDS":0,"QTA0_IDENTIFIANT_FT":null,"QTA0_IDENTIFIANT_ISSUE":null,"QTA0_ID_ISSUE":null,"QTA0_PILOTE_FT":null,"TYPE_APPARITION":"N","VIS":"JY149192"},{"ANNULE":0,"AVEC_PJ":null,"BDG":"7936747","CODE_COTE_DEFAUT":null,"CODE_DECOUPAGE_BRUT":"2K7B01001","CODE_LOCALISATION_DETECTE":"N6JOV2","CODE_NATURE_DEFAUT":"001","DATE_MAJ_BRUT":"\/Date(1555574520000+0200)\/","DATE_MAJ_TITAN":"\/Date(1607509546000+0100)\/","ETAT_CODIFICATION":"INIT","GRAVITE":"B","ID":1186115,"ID_MESURE":622436,"LIB_COTE_DEFAUT":null,"LIB_DECOUPAGE_BRUT":"{2K7B01001}","LIB_LOCALISATION_DETECTE":"HOOD\/RHF FENDER","LIB_NATURE_DEFAUT":"IRREGULAR FLUSHNESS","LIB_SIT":"Mulhouse","NOF":"8K19ABL8","NOUVEAUTE":"C","NUMERO_DEFAUT_BRUT":"DEF_MU_2018_S39_0004448","OBSERVATION":" - REHAUSSEMENT GACHE CAPOT ET REGLAGE","ORIGINE_DEFAUT":"NEO","POIDS":0,"QTA0_IDENTIFIANT_FT":null,"QTA0_IDENTIFIANT_ISSUE":null,"QTA0_ID_ISSUE":null,"QTA0_PILOTE_FT":null,"TYPE_APPARITION":"N","VIS":"JY149192"},{"ANNULE":0,"AVEC_PJ":null,"BDG":"7936747","CODE_COTE_DEFAUT":null,"CODE_DECOUPAGE_BRUT":"3Z4F19024","CODE_LOCALISATION_DETECTE":"N9VAQ0","CODE_NATURE_DEFAUT":"146","DATE_MAJ_BRUT":"\/Date(1555574520000+0200)\/","DATE_MAJ_TITAN":null,"ETAT_CODIFICATION":"INIT","GRAVITE":"B","ID":1188111,"ID_MESURE":622436,"LIB_COTE_DEFAUT":null,"LIB_DECOUPAGE_BRUT":"PANORAMIC VISION UNIT","LIB_LOCALISATION_DETECTE":"PANORAMIC VISION UNIT","LIB_NATURE_DEFAUT":"INCORRECTLY ADJUSTED","LIB_SIT":"Mulhouse","NOF":"8K19ABL8","NOUVEAUTE":"I","NUMERO_DEFAUT_BRUT":"DEF_MU_2018_S38_0038145","OBSERVATION":"DEFAUT PRISE DE VUE - . - BANC ADAS (partie valise) -  - RFS=9VAQ0 NAT=14600 ","ORIGINE_DEFAUT":"NEO","POIDS":0,"QTA0_IDENTIFIANT_FT":null,"QTA0_IDENTIFIANT_ISSUE":null,"QTA0_ID_ISSUE":null,"QTA0_PILOTE_FT":null,"TYPE_APPARITION":"N","VIS":"JY149192"},{"ANNULE":0,"AVEC_PJ":null,"BDG":"7936747","CODE_COTE_DEFAUT":null,"CODE_DECOUPAGE_BRUT":"3W2C07001","CODE_LOCALISATION_DETECTE":"N9PCD0","CODE_NATURE_DEFAUT":"113","DATE_MAJ_BRUT":"\/Date(1555573320000+0200)\/","DATE_MAJ_TITAN":null,"ETAT_CODIFICATION":"INIT","GRAVITE":"B","ID":1187398,"ID_MESURE":622436,"LIB_COTE_DEFAUT":null,"LIB_DECOUPAGE_BRUT":"{3W2C07001}","LIB_LOCALISATION_DETECTE":"LH RR DOOR GLAZING OTR ROLLER","LIB_NATURE_DEFAUT":"INCORRECTLY ALIGNED","LIB_SIT":"Mulhouse","NOF":"8K19ABL8","NOUVEAUTE":"I","NUMERO_DEFAUT_BRUT":"DEF_MU_2018_S39_0004461","OBSERVATION":"AVEC ENJO CUSTODE","ORIGINE_DEFAUT":"NEO","POIDS":0,"QTA0_IDENTIFIANT_FT":null,"QTA0_IDENTIFIANT_ISSUE":null,"QTA0_ID_ISSUE":null,"QTA0_PILOTE_FT":null,"TYPE_APPARITION":"N","VIS":"JY149192"},{"ANNULE":0,"AVEC_PJ":null,"BDG":"7936747","CODE_COTE_DEFAUT":null,"CODE_DECOUPAGE_BRUT":"2K7F01002","CODE_LOCALISATION_DETECTE":"N6JZV3","CODE_NATURE_DEFAUT":"103","DATE_MAJ_BRUT":"\/Date(1555573320000+0200)\/","DATE_MAJ_TITAN":null,"ETAT_CODIFICATION":"INIT","GRAVITE":"B","ID":1187427,"ID_MESURE":622436,"LIB_COTE_DEFAUT":null,"LIB_DECOUPAGE_BRUT":"{2K7F01002}","LIB_LOCALISATION_DETECTE":"RHF DOOR\/RHR DOOR","LIB_NATURE_DEFAUT":"INSUFFICIENT GAP","LIB_SIT":"Mulhouse","NOF":"8K19ABL8","NOUVEAUTE":"I","NUMERO_DEFAUT_BRUT":"DEF_MU_2018_S39_0004451","OBSERVATION":null,"ORIGINE_DEFAUT":"NEO","POIDS":0,"QTA0_IDENTIFIANT_FT":null,"QTA0_IDENTIFIANT_ISSUE":null,"QTA0_ID_ISSUE":null,"QTA0_PILOTE_FT":null,"TYPE_APPARITION":"N","VIS":"JY149192"},{"ANNULE":0,"AVEC_PJ":null,"BDG":"7936747","CODE_COTE_DEFAUT":null,"CODE_DECOUPAGE_BRUT":"3Z4F19024","CODE_LOCALISATION_DETECTE":"N9VAQ0","CODE_NATURE_DEFAUT":"146","DATE_MAJ_BRUT":"\/Date(1559037300000+0200)\/","DATE_MAJ_TITAN":null,"ETAT_CODIFICATION":"INIT","GRAVITE":"B","ID":1393834,"ID_MESURE":622436,"LIB_COTE_DEFAUT":null,"LIB_DECOUPAGE_BRUT":"PANORAMIC VISION UNIT","LIB_LOCALISATION_DETECTE":"PANORAMIC VISION UNIT","LIB_NATURE_DEFAUT":"INCORRECTLY ADJUSTED","LIB_SIT":"Mulhouse","NOF":"8K19ABL8","NOUVEAUTE":"I","NUMERO_DEFAUT_BRUT":"DEF_MU_2019_S22_0012058","OBSERVATION":"DEFAUT TRAITEMENT IMAGE - . - BANC ADAS (partie valise) -  - RFS=9VAQ0 NAT=14600 ","ORIGINE_DEFAUT":"NEO","POIDS":0,"QTA0_IDENTIFIANT_FT":null,"QTA0_IDENTIFIANT_ISSUE":null,"QTA0_ID_ISSUE":null,"QTA0_PILOTE_FT":null,"TYPE_APPARITION":"N","VIS":"JY149192"},{"ANNULE":0,"AVEC_PJ":null,"BDG":"7936747","CODE_COTE_DEFAUT":null,"CODE_DECOUPAGE_BRUT":"3Z4F19024","CODE_LOCALISATION_DETECTE":"N9VAQ0","CODE_NATURE_DEFAUT":"146","DATE_MAJ_BRUT":"\/Date(1559047380000+0200)\/","DATE_MAJ_TITAN":null,"ETAT_CODIFICATION":"INIT","GRAVITE":"B","ID":1393931,"ID_MESURE":622436,"LIB_COTE_DEFAUT":null,"LIB_DECOUPAGE_BRUT":"PANORAMIC VISION UNIT","LIB_LOCALISATION_DETECTE":"PANORAMIC VISION UNIT","LIB_NATURE_DEFAUT":"INCORRECTLY ADJUSTED","LIB_SIT":"Mulhouse","NOF":"8K19ABL8","NOUVEAUTE":"I","NUMERO_DEFAUT_BRUT":"DEF_MU_2019_S22_0012099","OBSERVATION":"DEFAUT TRAITEMENT IMAGE - . - BANC ADAS (partie valise) -  - RFS=9VAQ0 NAT=14600 ","ORIGINE_DEFAUT":"NEO","POIDS":0,"QTA0_IDENTIFIANT_FT":null,"QTA0_IDENTIFIANT_ISSUE":null,"QTA0_ID_ISSUE":null,"QTA0_PILOTE_FT":null,"TYPE_APPARITION":"N","VIS":"JY149192"},{"ANNULE":0,"AVEC_PJ":null,"BDG":"7936747","CODE_COTE_DEFAUT":null,"CODE_DECOUPAGE_BRUT":"3Z4F19024","CODE_LOCALISATION_DETECTE":"N9VAQ0","CODE_NATURE_DEFAUT":"146","DATE_MAJ_BRUT":"\/Date(1558700700000+0200)\/","DATE_MAJ_TITAN":null,"ETAT_CODIFICATION":"INIT","GRAVITE":"B","ID":1392295,"ID_MESURE":622436,"LIB_COTE_DEFAUT":null,"LIB_DECOUPAGE_BRUT":"PANORAMIC VISION UNIT","LIB_LOCALISATION_DETECTE":"PANORAMIC VISION UNIT","LIB_NATURE_DEFAUT":"INCORRECTLY ADJUSTED","LIB_SIT":"Mulhouse","NOF":"8K19ABL8","NOUVEAUTE":"I","NUMERO_DEFAUT_BRUT":"DEF_MU_2019_S21_0034813","OBSERVATION":"DEFAUT TRAITEMENT IMAGE - . - BANC ADAS (partie valise) -  - RFS=9VAQ0 NAT=14600 ","ORIGINE_DEFAUT":"NEO","POIDS":0,"QTA0_IDENTIFIANT_FT":null,"QTA0_IDENTIFIANT_ISSUE":null,"QTA0_ID_ISSUE":null,"QTA0_PILOTE_FT":null,"TYPE_APPARITION":"N","VIS":"JY149192"},{"ANNULE":0,"AVEC_PJ":null,"BDG":"7936747","CODE_COTE_DEFAUT":null,"CODE_DECOUPAGE_BRUT":"3Z4F19024","CODE_LOCALISATION_DETECTE":"N9VAQ0","CODE_NATURE_DEFAUT":"146","DATE_MAJ_BRUT":"\/Date(1559036940000+0200)\/","DATE_MAJ_TITAN":null,"ETAT_CODIFICATION":"INIT","GRAVITE":"B","ID":1392315,"ID_MESURE":622436,"LIB_COTE_DEFAUT":null,"LIB_DECOUPAGE_BRUT":"PANORAMIC VISION UNIT","LIB_LOCALISATION_DETECTE":"PANORAMIC VISION UNIT","LIB_NATURE_DEFAUT":"INCORRECTLY ADJUSTED","LIB_SIT":"Mulhouse","NOF":"8K19ABL8","NOUVEAUTE":"I","NUMERO_DEFAUT_BRUT":"DEF_MU_2019_S21_0034858","OBSERVATION":"DEFAUT TRAITEMENT IMAGE - . - BANC ADAS (partie valise) -  - RFS=9VAQ0 NAT=14600 ","ORIGINE_DEFAUT":"NEO","POIDS":0,"QTA0_IDENTIFIANT_FT":null,"QTA0_IDENTIFIANT_ISSUE":null,"QTA0_ID_ISSUE":null,"QTA0_PILOTE_FT":null,"TYPE_APPARITION":"N","VIS":"JY149192"},{"ANNULE":0,"AVEC_PJ":null,"BDG":"7936747","CODE_COTE_DEFAUT":null,"CODE_DECOUPAGE_BRUT":"3Z4F19024","CODE_LOCALISATION_DETECTE":"N9VAQ0","CODE_NATURE_DEFAUT":"146","DATE_MAJ_BRUT":"\/Date(1559205600000+0200)\/","DATE_MAJ_TITAN":null,"ETAT_CODIFICATION":"INIT","GRAVITE":"B","ID":1394225,"ID_MESURE":622436,"LIB_COTE_DEFAUT":null,"LIB_DECOUPAGE_BRUT":"PANORAMIC VISION UNIT","LIB_LOCALISATION_DETECTE":"PANORAMIC VISION UNIT","LIB_NATURE_DEFAUT":"INCORRECTLY ADJUSTED","LIB_SIT":"Mulhouse","NOF":"8K19ABL8","NOUVEAUTE":"I","NUMERO_DEFAUT_BRUT":"DEF_MU_2019_S22_0013115","OBSERVATION":"DEFAUT TRAITEMENT IMAGE - . - BANC ADAS (partie valise) -  - RFS=9VAQ0 NAT=14600 ","ORIGINE_DEFAUT":"NEO","POIDS":0,"QTA0_IDENTIFIANT_FT":null,"QTA0_IDENTIFIANT_ISSUE":null,"QTA0_ID_ISSUE":null,"QTA0_PILOTE_FT":null,"TYPE_APPARITION":"N","VIS":"JY149192"}],"MeasureInfo":{"CODE_SILHOUETTE":"C5 Break 5P","CONTREMARQUE":"2M344","DATE_CREATION":"\/Date(1537869708000+0200)\/","DATE_EMON":"\/Date(1537308000000+0200)\/","DATE_ENVOI_EMAIL":null,"DATE_ESSAI":"\/Date(1537542540000+0200)\/","DATE_MAJ":"\/Date(1607609925000+0100)\/","DATE_MAJ_BRUT":"\/Date(1559205600000+0200)\/","DATE_MAJ_DEF_TITAN":"\/Date(1607609925000+0100)\/","ID":622436,"ID_PROJET_NEO":"R82","ID_PROJET_SPARTE":null,"ID_PROJET_TITAN":41,"ID_VEHICULE":92821,"LIB_TYPE_ESSAI":"DVT","LOCALE":"en_US","STADE_PROJET":"MDL","STATUT":"SOLDE","STATUT_TITAN":20,"TOTAL_DEFAUTS_GRAVES":17,"TOTAL_POINTS":0,"TYPE_ESSAI":"DVT","USER_CREATION":"TNT","USER_MAJ":"TNT","VIN":"VR3FJEHZRJY149192","VIS":"JY149192","numDefautsAddedAfterMailSendingNotCoded":0,"numDefautsAnnulleLinked":0,"numDefautsDeletedAfterMailSendingLinked":0,"numDefautsNotLinked":0},"VehicleInfo":{"CODE_CENTRE_FABRICATION":"MULHOUSE","CODE_COULEUR_CAISSE":"BLANC NACRE","CODE_COULEUR_HAB_EXT":"ORANGE","CODE_DIRECTION":"DAG","CODE_HAB_EXT":null,"CODE_HAB_INT":"CUIR NAPPA ENNOBLI","CODE_NIV_FINITION":"GT Line","CODE_SILHOUETTE":"C5 Break 5P","CODE_TYPE_BOITE":"BVA 8 STT","CODE_TYPE_MOTEUR":"DW10FC 180ch","CONTREMARQUE":"2M344","CREATION_DYNAMIQUE":1,"DATE_CREATION":"\/Date(1538550821000+0200)\/","DATE_EMON":"\/Date(1537308000000+0200)\/","DATE_MAJ":"\/Date(1538550822000+0200)\/","ID":92821,"ID_LANCEMENT":423,"LIB_LANCEMENT":"R82 V2","STADE_PROJET":"MDL","TAGS":[],"USER_CREATION":"U127548","USER_MAJ":"U127548","VIS":"JY149192","existVehicleInSP":false,"linkVehicle":null}}}