[
    {
        "NAME":"AMSHA PRIYA G - E600844",
        "TITLE":"Utilisateur",
        "Department":"HRTD/DDCE/ADGQ/ID2S",
        "E-Mail":"amsha.priyag@ext.mpsa-test.com",
         "MobileNumber":"",
         "AccountName":"ADPREPROD"
    },
    {
        "NAME":"SHWETA SHARMA - E598027",
        "TITLE":"Utilisateur",
        "Department":"HRTD/DDCE/ADGQ/ID2S",
        "E-Mail":"shweta.sharma@ext.mpsa-test.com",
         "Mobile Number":"",
         "Account Name":"ADPREPROD"
    },
    {
        "NAME":"HIMANSHU RAI - E604126",
        "TITLE":"Utilisateur",
        "Department":"HRTD/DDCE/ADGQ/ID2S",
        "E-Mail":"amsha.priyag@ext.mpsa-test.com",
         "Mobile Number":"",
         "Account Name":"ADPREPROD"
    },
    {
        "NAME":"RITHI PRIYANGA PREM ANAND - E545727",
        "TITLE":"Utilisateur",
        "Department":"HRTD/DDCE/ADGQ/ID2S",
        "E-Mail":"rithipriyanga.premanand@ext.mpsa-test.com",
         "Mobile Number":"",
         "Account Name":"ADPREPROD"
    },
    {
        "NAME":"SHAINI MENON - E595615",
        "TITLE":"Utilisateur",
        "Department":"HRTD/DDCE/ADGQ/ID2S",
        "E-Mail":"shaini.menon@ext.mpsa-test.com",
         "Mobile Number":"",
         "Account Name":"ADPREPROD"
    },
    {
        "NAME":"TEST",
        "TITLE":"Utilisateur",
        "Department":"HRTD/DDCE/ADGQ/ID2S",
        "E-Mail":"test@ext.mpsa-test.com",
         "Mobile Number":"",
         "Account Name":"ADPREPROD"
    },
    {
        "NAME":"test data",
        "TITLE":"Utilisateur",
        "Department":"HRTD/DDCE/ADGQ/ID2S",
        "E-Mail":"test.data@ext.mpsa-test.com",
         "Mobile Number":"",
         "Account Name":"ADPREPROD"
    },
    {
        "NAME":"sample",
        "TITLE":"Utilisateur",
        "Department":"HRTD/DDCE/ADGQ/ID2S",
        "E-Mail":"sample@ext.mpsa-test.com",
         "Mobile Number":"89126734634",
         "Account Name":"ADPREPROD"
    },
    {
        "NAME":"tst 1",
        "TITLE":"Utilisateur",
        "Department":"HRTD/DDCE/ADGQ/ID2S",
        "E-Mail":"tst.data@ext.mpsa-test.com",
         "Mobile Number":"1234567890",
         "Account Name":"ADPREPROD"
    },
    {
        "NAME":"tst 1",
        "TITLE":"Utilisateur",
        "Department":"HRTD/DDCE/ADGQ/ID2S",
        "E-Mail":"tst.data@ext.mpsa-test.com",
         "Mobile Number":"1234567890",
         "Account Name":"ADPREPROD"
    },
    {
        "NAME":"tst 1",
        "TITLE":"Utilisateur",
        "Department":"HRTD/DDCE/ADGQ/ID2S",
        "E-Mail":"tst.data@ext.mpsa-test.com",
         "Mobile Number":"1234567890",
         "Account Name":"ADPREPROD"
    },
    {
        "NAME":"tst 1",
        "TITLE":"Utilisateur",
        "Department":"HRTD/DDCE/ADGQ/ID2S",
        "E-Mail":"tst.data@ext.mpsa-test.com",
         "Mobile Number":"1234567890",
         "Account Name":"ADPREPROD"
    },
    {
        "NAME":"tst 1",
        "TITLE":"Utilisateur",
        "Department":"HRTD/DDCE/ADGQ/ID2S",
        "E-Mail":"tst.data@ext.mpsa-test.com",
         "Mobile Number":"1234567890",
         "Account Name":"ADPREPROD"
    },
    {
        "NAME":"tst 1",
        "TITLE":"Utilisateur",
        "Department":"HRTD/DDCE/ADGQ/ID2S",
        "E-Mail":"tst.data@ext.mpsa-test.com",
         "Mobile Number":"1234567890",
         "Account Name":"ADPREPROD"
    },
    {
        "NAME":"tst 1",
        "TITLE":"Utilisateur",
        "Department":"HRTD/DDCE/ADGQ/ID2S",
        "E-Mail":"tst.data@ext.mpsa-test.com",
         "Mobile Number":"1234567890",
         "Account Name":"ADPREPROD"
    },
    {
        "NAME":"tst 1",
        "TITLE":"Utilisateur",
        "Department":"HRTD/DDCE/ADGQ/ID2S",
        "E-Mail":"tst.data@ext.mpsa-test.com",
         "Mobile Number":"1234567890",
         "Account Name":"ADPREPROD"
    },
    {
        "NAME":"tst 1",
        "TITLE":"Utilisateur",
        "Department":"HRTD/DDCE/ADGQ/ID2S",
        "E-Mail":"tst.data@ext.mpsa-test.com",
         "Mobile Number":"1234567890",
         "Account Name":"ADPREPROD"
    },
    {
        "NAME":"tst 1",
        "TITLE":"Utilisateur",
        "Department":"HRTD/DDCE/ADGQ/ID2S",
        "E-Mail":"tst.data@ext.mpsa-test.com",
         "Mobile Number":"1234567890",
         "Account Name":"ADPREPROD"
    },
    {
        "NAME":"tst 1",
        "TITLE":"Utilisateur",
        "Department":"HRTD/DDCE/ADGQ/ID2S",
        "E-Mail":"tst.data@ext.mpsa-test.com",
         "Mobile Number":"1234567890",
         "Account Name":"ADPREPROD"
    }

]