{"GetParametersResult":[{"Description":"","Key":"LCID","Value":"1036"},{"Description":"","Key":"connetionString","Value":"Data Source=beox2k01:1521\/TNT00_PP2;User Id={0};Password={1}"},{"Description":"URL ALTIS Creation Service","Key":"altis_urlCree","Value":"http:\/\/altis.preprod.x86.inetpsa.com\/altis-webservice\/rest\/faitTechniqueRest\/cree"},{"Description":"URL ALTIS Link Service","Key":"altis_urlDelier","Value":"http:\/\/altis.preprod.x86.inetpsa.com\/altis-webservice\/rest\/faitTechniqueRest\/delier"},{"Description":"URL ALTIS Unlink Service","Key":"altis_urlLier","Value":"http:\/\/altis.preprod.x86.inetpsa.com\/altis-webservice\/rest\/faitTechniqueRest\/lier"},{"Description":"","Key":"altis_login","Value":"mzpalt02"},{"Description":"","Key":"altis_password","Value":"geszbd37"},{"Description":"WS Altis Parameter","Key":"altis_type","Value":"defautConvergence"},{"Description":"","Key":"edmu_GU","Value":"http:\/\/mau.docinfogroupe.preprod.inetpsa.com\/MAU_Web\/consultationDocumentViaURL.do?cle="},{"Description":"","Key":"edmu_urlGU","Value":"http:\/\/mau.docinfogroupe.preprod.inetpsa.com\/MAU_Web\/creationReference.do"},{"Description":"","Key":"edmu_urlGUConsult","Value":"http:\/\/mau.docinfogroupe.preprod.inetpsa.com\/MAU_Web\/recuperationReferencePourApplication.do"},{"Description":"","Key":"edmu_urlGUSupp","Value":"http:\/\/mau.docinfogroupe.preprod.inetpsa.com\/MAU_Web\/supprimerReference.do"},{"Description":"","Key":"edmu_nomAppli","Value":"ALTIS"},{"Description":"","Key":"edmu_loginAppli","Value":"mzpalt02"},{"Description":"","Key":"edmu_passwdAppli","Value":"geszbd37"},{"Description":"","Key":"edmu_nomEntrepot","Value":"EDMU"},{"Description":"","Key":"edmu_urlAjoutEDMU","Value":"http:\/\/edmu.preprod.inetpsa.com\/EDMU_Web\/ajouterDocument.do"},{"Description":"","Key":"sparte_link","Value":"http:\/\/sigapp-ingenum-integ.inetpsa.com\/sap\/bc\/gui\/sap\/its\/webgui?~TRANSACTION=*IW23%20RIWO00-QMNUM=[NUMERO_DEFAUT_BRUT]&sap-system-login-basic_auth=X&sap-client=200&sap-language=FR"},{"Description":"","Key":"neo_link","Value":"http:\/\/neo.preprod.inetpsa.com\/qualite\/qualite-vehicule-chronologique.do?siteInForm.text=[LIB_SIT]&nof=[NOF]&locale=fr_FR&badge=[BDG]&vis=[VIS]"},{"Description":"","Key":"altis_link","Value":"http:\/\/altis.preprod.x86.inetpsa.com\/altis\/faces\/redirect.xhtml?ftTk=[QTA0_IDENTIFIANT_FT]"},{"Description":"","Key":"altis_search","Value":"http:\/\/altis.preprod.x86.inetpsa.com\/altis\/faces\/rechercheAvancee\/rechercheAvancee.xhtml"},{"Description":"","Key":"ft_url","Value":"http:\/\/bi.preprod.inetpsa.com\/sites\/titan\/_layouts\/ReportServer\/RSViewerPage.aspx?rv:RelativeReportUrl=%2fsites%2ftitan%2fRapports_RS%2fListe_defaut_FT_Altis.rdl&rp%3aFT_ALTIS=[FT_ALTIS]"},{"Description":"","Key":"LinklistFT","Value":"http:\/\/bi.preprod.inetpsa.com\/sites\/titan\/_layouts\/ReportServer\/RSViewerPage.aspx?rv:RelativeReportUrl=\/sites\/titan\/Rapports_RS\/Liste_defaut_FT_Altis.rdl&rp:FT_ALTIS=[QTA0_IDENTIFIANT_FT]"},{"Description":"Objectives file columns","Key":"objectivesColumns","Value":"Core IQA|Core IQA-DG|Core IQF|Core IQF-DG|DEMERITE EXHAUSTIF|DEMERITE EXHAUSTIF-DG|DVR|DVR-DG|DVT|DVT-DG|IQA|IQA-DG|IQA 15000|IQA 15000-DG|IQA 2000|IQA 2000-DG|IQA 30000|IQA 30000-DG|IQA 45000|IQA 45000-DG|IQE|IQE-DG|IQF|IQF-DG|IQF 15000|IQF 15000-DG|IQF 2000|IQF 2000-DG|IQF 30000|IQF 30000-DG|IQF 45000|IQF 45000-DG|RAF 500|RAF 500-DG|VCP|VCP-DG|IQF2000|IQF2000-DG|Audit RVCV-DG|QAU-IQA-DG|QAU-IQF-DG|Démérite ex."},{"Description":"ObjectiveColumns field separator","Key":"columnSeparator","Value":"|"},{"Description":"List url in root who contains reports","Key":"rootListReport","Value":"Rapports_RS"},{"Description":"caml to filter in list reports","Key":"rootListReportCaml","Value":"<Where><Eq><FieldRef Name='Indicateur_x0020_standard' \/><Value Type='Boolean'>1<\/Value><\/Eq><\/Where>"},{"Description":"internal name for field perimeter in list root reports","Key":"rootListReportPerimeterField","Value":"P_x00e9_rim_x00e8_tre"},{"Description":"internal name for field Commentaire in list root reports","Key":"rootListReportNoteField","Value":"Commentaire"},{"Description":"internal name for field Order in list root reports","Key":"rootListReportOrderField","Value":"Ordre_x0020_d_x0027_affichage"},{"Description":"Formula to generate URL reports","Key":"listReportURL","Value":"http:\/\/bi.inetpsa.com\/sites\/titan\/_layouts\/ReportServer\/RSViewerPage.aspx?rv:RelativeReportUrl={0}&rp:ProjetLancementTITANURLSITE={1}"},{"Description":"Mode for masive decode can be whatif or operation","Key":"MasiveDecodeMode","Value":"operation"},{"Description":"If false state only change if unlink is sucess. If true state always change","Key":"MasiveDecodeAlwaysChangeState","Value":"false"},{"Description":"Code for change State","Key":"MasiveDecodeFinalState","Value":"I"},{"Description":"WS PLM Parameter","Key":"PLM_type","Value":"Default"},{"Description":"Login user to invoque PLM WS","Key":"PLM_login","Value":"mwppli70"},{"Description":"Password to invoque PLM WS","Key":"PLM_password","Value":"cxo0no7F"},{"Description":"URL PLM for Create Issue","Key":"PLM_urlCreateIssue","Value":"http:\/\/preprod.vco.batch.plm.inetpsa.com\/enovia\/webservices\/Titan\/CreateIssue"},{"Description":"URL PLM for UnLink Issue","Key":"PLM_urlUnlikIssue","Value":"http:\/\/preprod.vco.batch.plm.inetpsa.com\/enovia\/webservices\/Titan\/UnlinkIssue"},{"Description":"URL PLM for Link Issue","Key":"PLM_urlLinkIssue","Value":"http:\/\/preprod.vco.batch.plm.inetpsa.com\/enovia\/webservices\/Titan\/LinkIssue"},{"Description":"","Key":"PLM_link","Value":"http:\/\/pp1.plm.preprod.inetpsa.com\/enovia\/common\/emxNavigator.jsp?objectId=[QTA0_ID_ISSUE]"},{"Description":"","Key":"LinklistIssue","Value":"http:\/\/bi.preprod.inetpsa.com\/sites\/titan\/_layouts\/ReportServer\/RSViewerPage.aspx?rv:RelativeReportUrl=\/sites\/titan\/Rapports_RS\/Liste_defaut_FT_Altis.rdl&rp:FT_ALTIS=[QTA0_IDENTIFIANT_ISSUE]"},{"Description":"","Key":"plm_search","Value":"http:\/\/pp1.plm.preprod.inetpsa.com\/enovia\/common\/emxNavigator.jsp"},{"Description":"Send BMURL comma separated","Key":"PLM_BMURLCommaSeparated","Value":"false"},{"Description":"Avoid send email ","Key":"overrideSendMail","Value":"true"},{"Description":"Default state value ","Key":"defaultState","Value":"Assign"}]}