{
	"GetTNTQVB9PagedResult": {
		"data": [{
			"DESIGNATION_PIECE": " - EP6FDT",
			"ID": 28,
			"IDENTIFIANT_FT_ALTIS": 6771470,
			"IDENTIFIANT_ISSUE": null,
			"ID_ISSUE": null,
			"ID_LANCEMENT_TITAN": 41,
			"INSTANCE_DECISION_FT": "Instance Test Titan",
			"LIBELLE_ETAT_AVANCEMENT_FT": "ANALYSIS",
			"LIBELLE_FT_TITAN": "GMP DECELERATION A CHAUD – A COUPS (REBONDS, SACCADES, COUPURES)",
			"METIER_POUR_ACTION": "IACT - MOT",
			"NOM_LANCEMENT": "TEST 1",
			"TAGS": []
		}, {
			"DESIGNATION_PIECE": " - GAUCHE",
			"ID": 30,
			"IDENTIFIANT_FT_ALTIS": 6771473,
			"IDENTIFIANT_ISSUE": null,
			"ID_ISSUE": null,
			"ID_LANCEMENT_TITAN": 41,
			"INSTANCE_DECISION_FT": "Instance Test Titan",
			"LIBELLE_ETAT_AVANCEMENT_FT": "ANALYSIS",
			"LIBELLE_FT_TITAN": "PORTE AV – GRINCEMENT, CRISSEMENT, COUINEMENT (CARROSSERIE)",
			"METIER_POUR_ACTION": "DCHM - SOEE",
			"NOM_LANCEMENT": "TEST 1",
			"TAGS": ["BP", " ", " BRUIT FONC"]
		}, {
			"DESIGNATION_PIECE": " - MANUEL",
			"ID": 32,
			"IDENTIFIANT_FT_ALTIS": 6771476,
			"IDENTIFIANT_ISSUE": null,
			"ID_ISSUE": null,
			"ID_LANCEMENT_TITAN": 41,
			"INSTANCE_DECISION_FT": "Instance Test Titan",
			"LIBELLE_ETAT_AVANCEMENT_FT": "ANALYSIS",
			"LIBELLE_FT_TITAN": "IQF - VALID - VOLET HAYON COFFRE PORTE BATTANTE – CLAQUEMENT, CRAQUEMENT, CLOC (CARROSSERIE)",
			"METIER_POUR_ACTION": "DCHM - SOEE",
			"NOM_LANCEMENT": "TEST 1",
			"TAGS": ["BRUIT FONC"]
		}, {
			"DESIGNATION_PIECE": " - RCC",
			"ID": 34,
			"IDENTIFIANT_FT_ALTIS": 6771479,
			"IDENTIFIANT_ISSUE": null,
			"ID_ISSUE": null,
			"ID_LANCEMENT_TITAN": 41,
			"INSTANCE_DECISION_FT": "Instance Test Titan",
			"LIBELLE_ETAT_AVANCEMENT_FT": "ANALYSIS",
			"LIBELLE_FT_TITAN": "NAVIGATION – FONCTIONNE MAL",
			"METIER_POUR_ACTION": "DSEE - RCC",
			"NOM_LANCEMENT": "TEST 1",
			"TAGS": []
		}, {
			"DESIGNATION_PIECE": " - GARNITURE",
			"ID": 36,
			"IDENTIFIANT_FT_ALTIS": 6771486,
			"IDENTIFIANT_ISSUE": null,
			"ID_ISSUE": null,
			"ID_LANCEMENT_TITAN": 41,
			"INSTANCE_DECISION_FT": "Instance Test Titan",
			"LIBELLE_ETAT_AVANCEMENT_FT": "ANALYSIS",
			"LIBELLE_FT_TITAN": "PLANCHE BORD INF – GRESILLEMENT (CARROSSERIE)",
			"METIER_POUR_ACTION": "DCHM - SPCS",
			"NOM_LANCEMENT": "TEST 1",
			"TAGS": ["BP", " ", " BRUIT FONC"]
		}, {
			"DESIGNATION_PIECE": null,
			"ID": 38,
			"IDENTIFIANT_FT_ALTIS": 6771490,
			"IDENTIFIANT_ISSUE": null,
			"ID_ISSUE": null,
			"ID_LANCEMENT_TITAN": 41,
			"INSTANCE_DECISION_FT": "Instance Test Titan",
			"LIBELLE_ETAT_AVANCEMENT_FT": "ANALYSIS",
			"LIBELLE_FT_TITAN": "COMPRESSEUR REFRIGERATION – BRUITS (MECANIQUE)",
			"METIER_POUR_ACTION": "DAPF - BCEV",
			"NOM_LANCEMENT": "TEST 1",
			"TAGS": ["BM", " ", " BRUIT FONC"]
		}, {
			"DESIGNATION_PIECE": " - MANUEL",
			"ID": 40,
			"IDENTIFIANT_FT_ALTIS": 6771493,
			"IDENTIFIANT_ISSUE": null,
			"ID_ISSUE": null,
			"ID_LANCEMENT_TITAN": 41,
			"INSTANCE_DECISION_FT": "Instance Test Titan",
			"LIBELLE_ETAT_AVANCEMENT_FT": "ANALYSIS",
			"LIBELLE_FT_TITAN": "VOLET HAYON COFFRE PORTE BATTANTE – CLAQUEMENT, CRAQUEMENT, CLOC (CARROSSERIE)",
			"METIER_POUR_ACTION": "DCHM - SOEE",
			"NOM_LANCEMENT": "TEST 1",
			"TAGS": ["BRUIT FONC"]
		}, {
			"DESIGNATION_PIECE": " - DW10",
			"ID": 42,
			"IDENTIFIANT_FT_ALTIS": 6771496,
			"IDENTIFIANT_ISSUE": null,
			"ID_ISSUE": null,
			"ID_LANCEMENT_TITAN": 41,
			"INSTANCE_DECISION_FT": "Instance Test Titan",
			"LIBELLE_ETAT_AVANCEMENT_FT": "ANALYSIS",
			"LIBELLE_FT_TITAN": "GMP DECELERATION A CHAUD – A COUPS (REBONDS, SACCADES, COUPURES)",
			"METIER_POUR_ACTION": "IACT - MOT",
			"NOM_LANCEMENT": "TEST 1",
			"TAGS": []
		}, {
			"DESIGNATION_PIECE": " - DROITE",
			"ID": 108,
			"IDENTIFIANT_FT_ALTIS": 6774081,
			"IDENTIFIANT_ISSUE": null,
			"ID_ISSUE": null,
			"ID_LANCEMENT_TITAN": 41,
			"INSTANCE_DECISION_FT": "Instance Test Titan",
			"LIBELLE_ETAT_AVANCEMENT_FT": "ANALYSIS",
			"LIBELLE_FT_TITAN": "IQF - VALID - PORTE AR – GRINCEMENT, CRISSEMENT, COUINEMENT (CARROSSERIE)",
			"METIER_POUR_ACTION": "DCHM - SOEE",
			"NOM_LANCEMENT": "TEST 1",
			"TAGS": ["BP"]
		}, {
			"DESIGNATION_PIECE": null,
			"ID": 118,
			"IDENTIFIANT_FT_ALTIS": 6774436,
			"IDENTIFIANT_ISSUE": null,
			"ID_ISSUE": null,
			"ID_LANCEMENT_TITAN": 41,
			"INSTANCE_DECISION_FT": "Instance Test Titan",
			"LIBELLE_ETAT_AVANCEMENT_FT": "ANALYSIS",
			"LIBELLE_FT_TITAN": "IQF - VALID - STORE PAVILLON TOIT OUVRANT CIELO – GRESILLEMENT (CARROSSERIE)",
			"METIER_POUR_ACTION": "DCHM - SOEE",
			"NOM_LANCEMENT": "TEST 1",
			"TAGS": ["BP"]
		}, {
			"DESIGNATION_PIECE": null,
			"ID": 126,
			"IDENTIFIANT_FT_ALTIS": 6774678,
			"IDENTIFIANT_ISSUE": null,
			"ID_ISSUE": null,
			"ID_LANCEMENT_TITAN": 41,
			"INSTANCE_DECISION_FT": "Instance Test Titan",
			"LIBELLE_ETAT_AVANCEMENT_FT": "ANALYSIS",
			"LIBELLE_FT_TITAN": "TRAIN AV – GRINCEMENT, CRISSEMENT, COUINEMENT (MECANIQUE)",
			"METIER_POUR_ACTION": "ICDV - ATRP",
			"NOM_LANCEMENT": "TEST 1",
			"TAGS": []
		}, {
			"DESIGNATION_PIECE": " - D ET G",
			"ID": 128,
			"IDENTIFIANT_FT_ALTIS": 6774682,
			"IDENTIFIANT_ISSUE": null,
			"ID_ISSUE": null,
			"ID_LANCEMENT_TITAN": 41,
			"INSTANCE_DECISION_FT": "Instance Test Titan",
			"LIBELLE_ETAT_AVANCEMENT_FT": "ANALYSIS",
			"LIBELLE_FT_TITAN": "PARE SOLEIL – FONCTIONNE PAS",
			"METIER_POUR_ACTION": "DCHM - SCEG",
			"NOM_LANCEMENT": "TEST 1",
			"TAGS": []
		}, {
			"DESIGNATION_PIECE": null,
			"ID": 130,
			"IDENTIFIANT_FT_ALTIS": 6774686,
			"IDENTIFIANT_ISSUE": null,
			"ID_ISSUE": null,
			"ID_LANCEMENT_TITAN": 41,
			"INSTANCE_DECISION_FT": "Instance Test Titan",
			"LIBELLE_ETAT_AVANCEMENT_FT": "ANALYSIS",
			"LIBELLE_FT_TITAN": "CONSOLE PLAFONNIER \/ INTERRUPTEUR – FONCTIONNE PAS",
			"METIER_POUR_ACTION": "DCHM - SCEG",
			"NOM_LANCEMENT": "TEST 1",
			"TAGS": []
		}, {
			"DESIGNATION_PIECE": null,
			"ID": 132,
			"IDENTIFIANT_FT_ALTIS": 6774691,
			"IDENTIFIANT_ISSUE": null,
			"ID_ISSUE": null,
			"ID_LANCEMENT_TITAN": 41,
			"INSTANCE_DECISION_FT": "Instance Test Titan",
			"LIBELLE_ETAT_AVANCEMENT_FT": "ANALYSIS",
			"LIBELLE_FT_TITAN": "LEVIER POMMEAU COMMANDE VITESSE BV BVA BVMP – NON CONFORME",
			"METIER_POUR_ACTION": "IACT - BV",
			"NOM_LANCEMENT": "TEST 1",
			"TAGS": []
		}, {
			"DESIGNATION_PIECE": " - DOSSIER SIEGE AV NIV 3 P8X",
			"ID": 136,
			"IDENTIFIANT_FT_ALTIS": 6774721,
			"IDENTIFIANT_ISSUE": null,
			"ID_ISSUE": null,
			"ID_LANCEMENT_TITAN": 41,
			"INSTANCE_DECISION_FT": "Instance Test Titan",
			"LIBELLE_ETAT_AVANCEMENT_FT": "ANALYSIS",
			"LIBELLE_FT_TITAN": "DOSSIER SIEGE AV – GRESILLEMENT (CARROSSERIE)",
			"METIER_POUR_ACTION": "DCHM - SPCS",
			"NOM_LANCEMENT": "TEST 1",
			"TAGS": ["BM"]
		}, {
			"DESIGNATION_PIECE": " - CAMERA RECUL",
			"ID": 138,
			"IDENTIFIANT_FT_ALTIS": 6774735,
			"IDENTIFIANT_ISSUE": null,
			"ID_ISSUE": null,
			"ID_LANCEMENT_TITAN": 41,
			"INSTANCE_DECISION_FT": "Instance Test Titan",
			"LIBELLE_ETAT_AVANCEMENT_FT": "ANALYSIS",
			"LIBELLE_FT_TITAN": "AIDE VISUELLE AU RECUL AIDE VISUELLE PANORAMIQUE – FONCTIONNE MAL",
			"METIER_POUR_ACTION": "DSEE - MCSI",
			"NOM_LANCEMENT": "TEST 1",
			"TAGS": []
		}, {
			"DESIGNATION_PIECE": " - D ET G - UPPER GT",
			"ID": 140,
			"IDENTIFIANT_FT_ALTIS": 6774743,
			"IDENTIFIANT_ISSUE": null,
			"ID_ISSUE": null,
			"ID_LANCEMENT_TITAN": 41,
			"INSTANCE_DECISION_FT": "Instance Test Titan",
			"LIBELLE_ETAT_AVANCEMENT_FT": "ANALYSIS",
			"LIBELLE_FT_TITAN": "GARNITURE OU PANNEAU PORTE AR – GRESILLEMENT (CARROSSERIE) test",
			"METIER_POUR_ACTION": "DAPF - ACV",
			"NOM_LANCEMENT": "TEST 1",
			"TAGS": ["BM"]
		}, {
			"DESIGNATION_PIECE": " - D ET G - NIV 3 - AV",
			"ID": 144,
			"IDENTIFIANT_FT_ALTIS": 6774761,
			"IDENTIFIANT_ISSUE": null,
			"ID_ISSUE": null,
			"ID_LANCEMENT_TITAN": 41,
			"INSTANCE_DECISION_FT": "Instance Test Titan",
			"LIBELLE_ETAT_AVANCEMENT_FT": "ANALYSIS",
			"LIBELLE_FT_TITAN": "GARNITURE OU PANNEAU PORTE AV – GRESILLEMENT (CARROSSERIE)",
			"METIER_POUR_ACTION": "DCHM - SOEE",
			"NOM_LANCEMENT": "TEST 1",
			"TAGS": []
		}, {
			"DESIGNATION_PIECE": null,
			"ID": 148,
			"IDENTIFIANT_FT_ALTIS": 6774832,
			"IDENTIFIANT_ISSUE": null,
			"ID_ISSUE": null,
			"ID_LANCEMENT_TITAN": 41,
			"INSTANCE_DECISION_FT": "Instance Test Titan",
			"LIBELLE_ETAT_AVANCEMENT_FT": "ANALYSIS",
			"LIBELLE_FT_TITAN": "TU.,TUY.,CANAL.DIV.\/AGRAFE,COLLIER,ELEM.FIXA – TALONNE, CONTACT",
			"METIER_POUR_ACTION": "ICDV - ICDV",
			"NOM_LANCEMENT": "TEST 1",
			"TAGS": []
		}, {
			"DESIGNATION_PIECE": " - DW10",
			"ID": 156,
			"IDENTIFIANT_FT_ALTIS": 6775145,
			"IDENTIFIANT_ISSUE": null,
			"ID_ISSUE": null,
			"ID_LANCEMENT_TITAN": 41,
			"INSTANCE_DECISION_FT": "Instance Test Titan",
			"LIBELLE_ETAT_AVANCEMENT_FT": "ANALYSIS",
			"LIBELLE_FT_TITAN": "GMP DECOLLAGE A CHAUD – SENSIBILITE AU CALAGE- DW10",
			"METIER_POUR_ACTION": "IACT - MOT",
			"NOM_LANCEMENT": "TEST 1",
			"TAGS": []
		}, {
			"DESIGNATION_PIECE": null,
			"ID": 246,
			"IDENTIFIANT_FT_ALTIS": 6778379,
			"IDENTIFIANT_ISSUE": null,
			"ID_ISSUE": null,
			"ID_LANCEMENT_TITAN": 41,
			"INSTANCE_DECISION_FT": "Instance Test Titan",
			"LIBELLE_ETAT_AVANCEMENT_FT": "ANALYSIS",
			"LIBELLE_FT_TITAN": "TRAPPE CARBURANT \/ AILE AR – JEU IRREGULIER",
			"METIER_POUR_ACTION": "DCHM - SCEG",
			"NOM_LANCEMENT": "TEST 1",
			"TAGS": []
		}, {
			"DESIGNATION_PIECE": " - ET G",
			"ID": 344,
			"IDENTIFIANT_FT_ALTIS": 6779053,
			"IDENTIFIANT_ISSUE": null,
			"ID_ISSUE": null,
			"ID_LANCEMENT_TITAN": 41,
			"INSTANCE_DECISION_FT": "Instance Test Titan",
			"LIBELLE_ETAT_AVANCEMENT_FT": "ANALYSIS",
			"LIBELLE_FT_TITAN": "VITRE PORTE AV – CLAQUEMENT, CRAQUEMENT, CLOC (CARROSSERIE)",
			"METIER_POUR_ACTION": "DCHM - SOEE",
			"NOM_LANCEMENT": "TEST 1",
			"TAGS": ["BM"]
		}, {
			"DESIGNATION_PIECE": null,
			"ID": 1314,
			"IDENTIFIANT_FT_ALTIS": 6805947,
			"IDENTIFIANT_ISSUE": null,
			"ID_ISSUE": null,
			"ID_LANCEMENT_TITAN": 41,
			"INSTANCE_DECISION_FT": "Instance Test Titan",
			"LIBELLE_ETAT_AVANCEMENT_FT": "ANALYSIS",
			"LIBELLE_FT_TITAN": "Essai DS - BUTEE VOLET HAYON – DECOLLE",
			"METIER_POUR_ACTION": "DAPF - BCEV",
			"NOM_LANCEMENT": "TEST 1",
			"TAGS": []
		}, {
			"DESIGNATION_PIECE": " - CUIR",
			"ID": 1766,
			"IDENTIFIANT_FT_ALTIS": 6826554,
			"IDENTIFIANT_ISSUE": null,
			"ID_ISSUE": null,
			"ID_LANCEMENT_TITAN": 41,
			"INSTANCE_DECISION_FT": "Instance Test Titan",
			"LIBELLE_ETAT_AVANCEMENT_FT": "ANALYSIS",
			"LIBELLE_FT_TITAN": "DOSSIER SIEGE AV – CLAQUEMENT, CRAQUEMENT, CLOC (CARROSSERIE)",
			"METIER_POUR_ACTION": "DCHM - SPCS",
			"NOM_LANCEMENT": "TEST 1",
			"TAGS": ["CUIR"]
		}, {
			"DESIGNATION_PIECE": null,
			"ID": 1938,
			"IDENTIFIANT_FT_ALTIS": 7304900,
			"IDENTIFIANT_ISSUE": null,
			"ID_ISSUE": null,
			"ID_LANCEMENT_TITAN": 41,
			"INSTANCE_DECISION_FT": "Instance Test Titan",
			"LIBELLE_ETAT_AVANCEMENT_FT": "ANALYSIS",
			"LIBELLE_FT_TITAN": "DESSOUS CAISSE ET SOUS CAPOT – CLAQUEMENT, CRAQUEMENT, CLOC (CARROSSERIE)",
			"METIER_POUR_ACTION": "DCHM - SCEG",
			"NOM_LANCEMENT": "TEST 1",
			"TAGS": []
		}, {
			"DESIGNATION_PIECE": null,
			"ID": 2388,
			"IDENTIFIANT_FT_ALTIS": 6775133,
			"IDENTIFIANT_ISSUE": null,
			"ID_ISSUE": null,
			"ID_LANCEMENT_TITAN": 41,
			"INSTANCE_DECISION_FT": "Instance Test Titan",
			"LIBELLE_ETAT_AVANCEMENT_FT": "OPENING",
			"LIBELLE_FT_TITAN": "ALARME ANTIVOL – FONCTIONNE MAL",
			"METIER_POUR_ACTION": "DSEE - MCSI",
			"NOM_LANCEMENT": "TEST 1",
			"TAGS": []
		}, {
			"DESIGNATION_PIECE": " - CALANDRE SUP",
			"ID": 2402,
			"IDENTIFIANT_FT_ALTIS": 6853079,
			"IDENTIFIANT_ISSUE": null,
			"ID_ISSUE": null,
			"ID_LANCEMENT_TITAN": 41,
			"INSTANCE_DECISION_FT": "Instance Test Titan",
			"LIBELLE_ETAT_AVANCEMENT_FT": "ANALYSIS",
			"LIBELLE_FT_TITAN": "CALANDRE ET ENJOLIVEUR CALANDRE – PLAQUE PAS",
			"METIER_POUR_ACTION": "DCHM - QPFG",
			"NOM_LANCEMENT": "TEST 1",
			"TAGS": ["TEST"]
		}, {
			"DESIGNATION_PIECE": " - ET G",
			"ID": 2404,
			"IDENTIFIANT_FT_ALTIS": 6853209,
			"IDENTIFIANT_ISSUE": null,
			"ID_ISSUE": null,
			"ID_LANCEMENT_TITAN": 41,
			"INSTANCE_DECISION_FT": "Instance Test Titan",
			"LIBELLE_ETAT_AVANCEMENT_FT": "ANALYSIS",
			"LIBELLE_FT_TITAN": "GARNITURE CUSTODE – CLAQUEMENT, CRAQUEMENT, CLOC (CARROSSERIE)",
			"METIER_POUR_ACTION": "DCHM - QPFG",
			"NOM_LANCEMENT": "TEST 1",
			"TAGS": []
		}, {
			"DESIGNATION_PIECE": " - AMORTISSEUR AR",
			"ID": 2498,
			"IDENTIFIANT_FT_ALTIS": 6858698,
			"IDENTIFIANT_ISSUE": null,
			"ID_ISSUE": null,
			"ID_LANCEMENT_TITAN": 41,
			"INSTANCE_DECISION_FT": "Instance Test Titan",
			"LIBELLE_ETAT_AVANCEMENT_FT": "ANALYSIS",
			"LIBELLE_FT_TITAN": "TRAIN AR – CLAQUEMENT, CRAQUEMENT, CLOC (MECANIQUE)",
			"METIER_POUR_ACTION": "ICDV - ATRP",
			"NOM_LANCEMENT": "TEST 1",
			"TAGS": []
		}, {
			"DESIGNATION_PIECE": null,
			"ID": 2500,
			"IDENTIFIANT_FT_ALTIS": 6858702,
			"IDENTIFIANT_ISSUE": null,
			"ID_ISSUE": null,
			"ID_LANCEMENT_TITAN": 41,
			"INSTANCE_DECISION_FT": "Instance Test Titan",
			"LIBELLE_ETAT_AVANCEMENT_FT": "ANALYSIS",
			"LIBELLE_FT_TITAN": "ENROULEUR ET CEINTURE SECURITE AV – GRESILLEMENT (CARROSSERIE)",
			"METIER_POUR_ACTION": "DCHM - SPCS",
			"NOM_LANCEMENT": "TEST 1",
			"TAGS": []
		}, {
			"DESIGNATION_PIECE": null,
			"ID": 2552,
			"IDENTIFIANT_FT_ALTIS": 6859552,
			"IDENTIFIANT_ISSUE": null,
			"ID_ISSUE": null,
			"ID_LANCEMENT_TITAN": 41,
			"INSTANCE_DECISION_FT": "Instance Test Titan",
			"LIBELLE_ETAT_AVANCEMENT_FT": "ANALYSIS",
			"LIBELLE_FT_TITAN": "FREIN AR – GRINCEMENT, CRISSEMENT, COUINEMENT (MECANIQUE)",
			"METIER_POUR_ACTION": "ICDV - ICDV",
			"NOM_LANCEMENT": "TEST 1",
			"TAGS": []
		}, {
			"DESIGNATION_PIECE": null,
			"ID": 2562,
			"IDENTIFIANT_FT_ALTIS": 6859626,
			"IDENTIFIANT_ISSUE": null,
			"ID_ISSUE": null,
			"ID_LANCEMENT_TITAN": 41,
			"INSTANCE_DECISION_FT": "Instance Test Titan",
			"LIBELLE_ETAT_AVANCEMENT_FT": "ANALYSIS",
			"LIBELLE_FT_TITAN": "LEVIER FREIN SECONDAIRE – GRINCEMENT, CRISSEMENT, COUINEMENT (MECANIQUE)",
			"METIER_POUR_ACTION": "ICDV - ICDV",
			"NOM_LANCEMENT": "TEST 1",
			"TAGS": []
		}, {
			"DESIGNATION_PIECE": " - MS",
			"ID": 2582,
			"IDENTIFIANT_FT_ALTIS": 6971661,
			"IDENTIFIANT_ISSUE": null,
			"ID_ISSUE": null,
			"ID_LANCEMENT_TITAN": 41,
			"INSTANCE_DECISION_FT": "Instance Test Titan",
			"LIBELLE_ETAT_AVANCEMENT_FT": "ANALYSIS",
			"LIBELLE_FT_TITAN": "PARE CHOC AR \/ AILE AR – DESAFFLEUREMENT",
			"METIER_POUR_ACTION": "DCHM - SOEE",
			"NOM_LANCEMENT": "TEST 1",
			"TAGS": []
		}, {
			"DESIGNATION_PIECE": null,
			"ID": 2584,
			"IDENTIFIANT_FT_ALTIS": 6971644,
			"IDENTIFIANT_ISSUE": null,
			"ID_ISSUE": null,
			"ID_LANCEMENT_TITAN": 41,
			"INSTANCE_DECISION_FT": "Instance Test Titan",
			"LIBELLE_ETAT_AVANCEMENT_FT": "ANALYSIS",
			"LIBELLE_FT_TITAN": "GARNITURE INF VOLET HAYON PORTE BATTANTE COFFRE – PLAQUE PAS",
			"METIER_POUR_ACTION": "DCHM - SOEE",
			"NOM_LANCEMENT": "TEST 1",
			"TAGS": []
		}, {
			"DESIGNATION_PIECE": " - AV UPPER",
			"ID": 3666,
			"IDENTIFIANT_FT_ALTIS": 6971533,
			"IDENTIFIANT_ISSUE": null,
			"ID_ISSUE": null,
			"ID_LANCEMENT_TITAN": 41,
			"INSTANCE_DECISION_FT": "Instance Test Titan",
			"LIBELLE_ETAT_AVANCEMENT_FT": "ANALYSIS",
			"LIBELLE_FT_TITAN": "PARE CHOC AV – ECAILLAGE, DECOLLEMENT, CRAQUELURE",
			"METIER_POUR_ACTION": "DCHM - SOEE",
			"NOM_LANCEMENT": "TEST 1",
			"TAGS": []
		}, {
			"DESIGNATION_PIECE": " - MANUEL",
			"ID": 4108,
			"IDENTIFIANT_FT_ALTIS": 7287218,
			"IDENTIFIANT_ISSUE": null,
			"ID_ISSUE": null,
			"ID_LANCEMENT_TITAN": 41,
			"INSTANCE_DECISION_FT": "Instance Test Titan",
			"LIBELLE_ETAT_AVANCEMENT_FT": "ANALYSIS",
			"LIBELLE_FT_TITAN": "VOLET HAYON COFFRE PORTE BATTANTE – CLAQUEMENT, CRAQUEMENT, CLOC (CARROSSERIE)",
			"METIER_POUR_ACTION": "DAPF - BCEV",
			"NOM_LANCEMENT": "TEST 1",
			"TAGS": []
		}, {
			"DESIGNATION_PIECE": null,
			"ID": 4112,
			"IDENTIFIANT_FT_ALTIS": 7304912,
			"IDENTIFIANT_ISSUE": null,
			"ID_ISSUE": null,
			"ID_LANCEMENT_TITAN": 41,
			"INSTANCE_DECISION_FT": "Instance Test Titan",
			"LIBELLE_ETAT_AVANCEMENT_FT": "ANALYSIS",
			"LIBELLE_FT_TITAN": "GROUPE CHAUFFAGE CLIMATISATION – BOURDONNEMENT RESONANCE OU BOURDONNEMENT MODULE",
			"METIER_POUR_ACTION": "DAPF - ACV",
			"NOM_LANCEMENT": "TEST 1",
			"TAGS": []
		}, {
			"DESIGNATION_PIECE": null,
			"ID": 4918,
			"IDENTIFIANT_FT_ALTIS": 6782000,
			"IDENTIFIANT_ISSUE": null,
			"ID_ISSUE": null,
			"ID_LANCEMENT_TITAN": 41,
			"INSTANCE_DECISION_FT": "Qualité P84",
			"LIBELLE_ETAT_AVANCEMENT_FT": "CLOSED TECHNICAL EVENT",
			"LIBELLE_FT_TITAN": null,
			"METIER_POUR_ACTION": null,
			"NOM_LANCEMENT": "TEST 1",
			"TAGS": []
		}, {
			"DESIGNATION_PIECE": " - EB2DTS TBC",
			"ID": 5042,
			"IDENTIFIANT_FT_ALTIS": 7051280,
			"IDENTIFIANT_ISSUE": null,
			"ID_ISSUE": null,
			"ID_LANCEMENT_TITAN": 41,
			"INSTANCE_DECISION_FT": "Instance Test Titan",
			"LIBELLE_ETAT_AVANCEMENT_FT": "ANALYSIS",
			"LIBELLE_FT_TITAN": "GROUPE MOTOPROPULSEUR GMP – BRUITS (MECANIQUE)",
			"METIER_POUR_ACTION": "IACT - MOT",
			"NOM_LANCEMENT": "TEST 1",
			"TAGS": []
		}, {
			"DESIGNATION_PIECE": null,
			"ID": 5044,
			"IDENTIFIANT_FT_ALTIS": 7051308,
			"IDENTIFIANT_ISSUE": null,
			"ID_ISSUE": null,
			"ID_LANCEMENT_TITAN": 41,
			"INSTANCE_DECISION_FT": "Instance Test Titan",
			"LIBELLE_ETAT_AVANCEMENT_FT": "ANALYSIS",
			"LIBELLE_FT_TITAN": "FEU AR – MAUVAIS ASPECT DE SURFACE",
			"METIER_POUR_ACTION": "DCHM - SOEE",
			"NOM_LANCEMENT": "TEST 1",
			"TAGS": ["ECLAIRAGE NIV3"]
		}, {
			"DESIGNATION_PIECE": null,
			"ID": 5046,
			"IDENTIFIANT_FT_ALTIS": 7051311,
			"IDENTIFIANT_ISSUE": null,
			"ID_ISSUE": null,
			"ID_LANCEMENT_TITAN": 41,
			"INSTANCE_DECISION_FT": "Instance Test Titan",
			"LIBELLE_ETAT_AVANCEMENT_FT": "ANALYSIS",
			"LIBELLE_FT_TITAN": "PLAFONNIER ET ECLAIREUR CARTE AV – MAUVAIS ASPECT DE SURFACE",
			"METIER_POUR_ACTION": "DCHM - SCEG",
			"NOM_LANCEMENT": "TEST 1",
			"TAGS": []
		}, {
			"DESIGNATION_PIECE": " - MONOGRAMME",
			"ID": 5048,
			"IDENTIFIANT_FT_ALTIS": 7051314,
			"IDENTIFIANT_ISSUE": null,
			"ID_ISSUE": null,
			"ID_LANCEMENT_TITAN": 41,
			"INSTANCE_DECISION_FT": "Instance Test Titan",
			"LIBELLE_ETAT_AVANCEMENT_FT": "ANALYSIS",
			"LIBELLE_FT_TITAN": "EMBLEME MARQUE AV – MAL FIXE, TIENT MAL",
			"METIER_POUR_ACTION": "DCHM - SOEE",
			"NOM_LANCEMENT": "TEST 1",
			"TAGS": []
		}, {
			"DESIGNATION_PIECE": null,
			"ID": 5050,
			"IDENTIFIANT_FT_ALTIS": 7051317,
			"IDENTIFIANT_ISSUE": null,
			"ID_ISSUE": null,
			"ID_LANCEMENT_TITAN": 41,
			"INSTANCE_DECISION_FT": "Instance Test Titan",
			"LIBELLE_ETAT_AVANCEMENT_FT": "ANALYSIS",
			"LIBELLE_FT_TITAN": "IQF - VALID - COMBINE PLANCHE BORD – NON CONFORME",
			"METIER_POUR_ACTION": "DSEE - MCSI",
			"NOM_LANCEMENT": "TEST 1",
			"TAGS": []
		}, {
			"DESIGNATION_PIECE": " - PROJECTEUR MS HALOGENE",
			"ID": 5052,
			"IDENTIFIANT_FT_ALTIS": 7051320,
			"IDENTIFIANT_ISSUE": null,
			"ID_ISSUE": null,
			"ID_LANCEMENT_TITAN": 41,
			"INSTANCE_DECISION_FT": "Instance Test Titan",
			"LIBELLE_ETAT_AVANCEMENT_FT": "ANALYSIS",
			"LIBELLE_FT_TITAN": "PROJECTEUR AV – MAUVAIS EBAVURAGE",
			"METIER_POUR_ACTION": "DCHM - SOEE",
			"NOM_LANCEMENT": "TEST 1",
			"TAGS": ["ECLAIRAGE NIV3"]
		}, {
			"DESIGNATION_PIECE": " - AV",
			"ID": 5164,
			"IDENTIFIANT_FT_ALTIS": 7753336,
			"IDENTIFIANT_ISSUE": null,
			"ID_ISSUE": null,
			"ID_LANCEMENT_TITAN": 41,
			"INSTANCE_DECISION_FT": "Instance Test Titan",
			"LIBELLE_ETAT_AVANCEMENT_FT": "SOLUTION IN PROGRESS",
			"LIBELLE_FT_TITAN": "IQF - VALID - ZONE ENTREE PORTE AV – CLAQUEMENT, CRAQUEMENT, CLOC (CARROSSERIE)",
			"METIER_POUR_ACTION": "DCHM - SOEE",
			"NOM_LANCEMENT": "TEST 1",
			"TAGS": []
		}, {
			"DESIGNATION_PIECE": " - GARNITURE",
			"ID": 8414,
			"IDENTIFIANT_FT_ALTIS": 7141509,
			"IDENTIFIANT_ISSUE": null,
			"ID_ISSUE": null,
			"ID_LANCEMENT_TITAN": 41,
			"INSTANCE_DECISION_FT": "Instance Test Titan",
			"LIBELLE_ETAT_AVANCEMENT_FT": "ANALYSIS",
			"LIBELLE_FT_TITAN": "PLANCHE BORD INF – GRESILLEMENT",
			"METIER_POUR_ACTION": "DCHM - SPCS",
			"NOM_LANCEMENT": "TEST 1",
			"TAGS": ["BRUIT"]
		}, {
			"DESIGNATION_PIECE": " - AV NIV 1 ET 2 P8X",
			"ID": 12436,
			"IDENTIFIANT_FT_ALTIS": 7245742,
			"IDENTIFIANT_ISSUE": null,
			"ID_ISSUE": null,
			"ID_LANCEMENT_TITAN": 41,
			"INSTANCE_DECISION_FT": "Instance Test Titan",
			"LIBELLE_ETAT_AVANCEMENT_FT": "ANALYSIS",
			"LIBELLE_FT_TITAN": "SIEGE AV – GRESILLEMENT",
			"METIER_POUR_ACTION": "DCHM - SPCS",
			"NOM_LANCEMENT": "TEST 1",
			"TAGS": []
		}, {
			"DESIGNATION_PIECE": null,
			"ID": 12444,
			"IDENTIFIANT_FT_ALTIS": 7245742,
			"IDENTIFIANT_ISSUE": null,
			"ID_ISSUE": null,
			"ID_LANCEMENT_TITAN": 121,
			"INSTANCE_DECISION_FT": "Instance Test Titan",
			"LIBELLE_ETAT_AVANCEMENT_FT": "ANALYSIS",
			"LIBELLE_FT_TITAN": null,
			"METIER_POUR_ACTION": null,
			"NOM_LANCEMENT": "TEST 2",
			"TAGS": []
		}, {
			"DESIGNATION_PIECE": " - MONOGRAMME",
			"ID": 12450,
			"IDENTIFIANT_FT_ALTIS": 7051314,
			"IDENTIFIANT_ISSUE": null,
			"ID_ISSUE": null,
			"ID_LANCEMENT_TITAN": 121,
			"INSTANCE_DECISION_FT": "Instance Test Titan",
			"LIBELLE_ETAT_AVANCEMENT_FT": "ANALYSIS",
			"LIBELLE_FT_TITAN": "EMBLEME MARQUE AV – MAL FIXE, TIENT MAL",
			"METIER_POUR_ACTION": "DCHM - SOEE",
			"NOM_LANCEMENT": "TEST 2",
			"TAGS": []
		}, {
			"DESIGNATION_PIECE": null,
			"ID": 12480,
			"IDENTIFIANT_FT_ALTIS": 7247858,
			"IDENTIFIANT_ISSUE": null,
			"ID_ISSUE": null,
			"ID_LANCEMENT_TITAN": 41,
			"INSTANCE_DECISION_FT": "Instance Test Titan",
			"LIBELLE_ETAT_AVANCEMENT_FT": "ANALYSIS",
			"LIBELLE_FT_TITAN": "TEST TEMPS RÉPONSE TITAN",
			"METIER_POUR_ACTION": "DSEE - MCSI",
			"NOM_LANCEMENT": "TEST 1",
			"TAGS": []
		}, {
			"DESIGNATION_PIECE": " - BV AM6 III",
			"ID": 12902,
			"IDENTIFIANT_FT_ALTIS": 7269291,
			"IDENTIFIANT_ISSUE": null,
			"ID_ISSUE": null,
			"ID_LANCEMENT_TITAN": 41,
			"INSTANCE_DECISION_FT": "Instance Test Titan",
			"LIBELLE_ETAT_AVANCEMENT_FT": "ANALYSIS",
			"LIBELLE_FT_TITAN": "TEST TEMPS RÉPONSE TITAN",
			"METIER_POUR_ACTION": "IACT - BV",
			"NOM_LANCEMENT": "TEST 1",
			"TAGS": []
		}, {
			"DESIGNATION_PIECE": " - COTÉ D'HABITACLE",
			"ID": 14040,
			"IDENTIFIANT_FT_ALTIS": 7304903,
			"IDENTIFIANT_ISSUE": null,
			"ID_ISSUE": null,
			"ID_LANCEMENT_TITAN": 41,
			"INSTANCE_DECISION_FT": "Instance Test Titan",
			"LIBELLE_ETAT_AVANCEMENT_FT": "ANALYSIS",
			"LIBELLE_FT_TITAN": "HABITACLE – BRUIT DE FORME (AERODYNAMIQUE)",
			"METIER_POUR_ACTION": "DCHM - SCEG",
			"NOM_LANCEMENT": "TEST 1",
			"TAGS": []
		}, {
			"DESIGNATION_PIECE": " - DOSSIER AR 2\/3 NIV CUIR P84",
			"ID": 14042,
			"IDENTIFIANT_FT_ALTIS": 7304906,
			"IDENTIFIANT_ISSUE": null,
			"ID_ISSUE": null,
			"ID_LANCEMENT_TITAN": 41,
			"INSTANCE_DECISION_FT": "Instance Test Titan",
			"LIBELLE_ETAT_AVANCEMENT_FT": "ANALYSIS",
			"LIBELLE_FT_TITAN": "DOSSIER SIEGE AR – CLAQUEMENT,CRAQUEMENT,CLOC (CARR)",
			"METIER_POUR_ACTION": "DCHM - SPCS",
			"NOM_LANCEMENT": "TEST 1",
			"TAGS": []
		}, {
			"DESIGNATION_PIECE": null,
			"ID": 14048,
			"IDENTIFIANT_FT_ALTIS": 7304918,
			"IDENTIFIANT_ISSUE": null,
			"ID_ISSUE": null,
			"ID_LANCEMENT_TITAN": 41,
			"INSTANCE_DECISION_FT": "Instance Test Titan",
			"LIBELLE_ETAT_AVANCEMENT_FT": "ANALYSIS",
			"LIBELLE_FT_TITAN": "MECANISME DIRECTION – CLAQUEMENT, CRAQUEMENT, CLOC (MECANIQUE)",
			"METIER_POUR_ACTION": "ICDV - AFDH",
			"NOM_LANCEMENT": "TEST 1",
			"TAGS": []
		}, {
			"DESIGNATION_PIECE": " - BV MCM",
			"ID": 14126,
			"IDENTIFIANT_FT_ALTIS": 7305610,
			"IDENTIFIANT_ISSUE": null,
			"ID_ISSUE": null,
			"ID_LANCEMENT_TITAN": 41,
			"INSTANCE_DECISION_FT": "Instance Test Titan",
			"LIBELLE_ETAT_AVANCEMENT_FT": "ANALYSIS",
			"LIBELLE_FT_TITAN": "BOITE VITESSES MANUELLE BVM – SIRENEMENT, SIFFLEMENT",
			"METIER_POUR_ACTION": "IACT - BV",
			"NOM_LANCEMENT": "TEST 1",
			"TAGS": []
		}, {
			"DESIGNATION_PIECE": null,
			"ID": 16484,
			"IDENTIFIANT_FT_ALTIS": 7365632,
			"IDENTIFIANT_ISSUE": null,
			"ID_ISSUE": null,
			"ID_LANCEMENT_TITAN": 41,
			"INSTANCE_DECISION_FT": "Instance Test Titan",
			"LIBELLE_ETAT_AVANCEMENT_FT": "ANALYSIS",
			"LIBELLE_FT_TITAN": "DESSOUS CAISSE ET SOUS CAPOT – TRACE D'OXYDATION, DE ROUILLE",
			"METIER_POUR_ACTION": "IACT - ENV",
			"NOM_LANCEMENT": "TEST 1",
			"TAGS": []
		}, {
			"DESIGNATION_PIECE": null,
			"ID": 16486,
			"IDENTIFIANT_FT_ALTIS": 7365635,
			"IDENTIFIANT_ISSUE": null,
			"ID_ISSUE": null,
			"ID_LANCEMENT_TITAN": 41,
			"INSTANCE_DECISION_FT": "Instance Test Titan",
			"LIBELLE_ETAT_AVANCEMENT_FT": "ANALYSIS",
			"LIBELLE_FT_TITAN": "BECQUET VOLET AR – ECAILLAGE",
			"METIER_POUR_ACTION": "DCHM - SOEE",
			"NOM_LANCEMENT": "TEST 1",
			"TAGS": []
		}, {
			"DESIGNATION_PIECE": " - AV - CHROME",
			"ID": 16488,
			"IDENTIFIANT_FT_ALTIS": 7365638,
			"IDENTIFIANT_ISSUE": null,
			"ID_ISSUE": null,
			"ID_LANCEMENT_TITAN": 41,
			"INSTANCE_DECISION_FT": "Instance Test Titan",
			"LIBELLE_ETAT_AVANCEMENT_FT": "ANALYSIS",
			"LIBELLE_FT_TITAN": "ENJOLIVEUR BAS CAISSE AVG – MAL FIXE, TIENT MAL",
			"METIER_POUR_ACTION": "DCHM - SOEE",
			"NOM_LANCEMENT": "TEST 1",
			"TAGS": []
		}, {
			"DESIGNATION_PIECE": " - AV",
			"ID": 16490,
			"IDENTIFIANT_FT_ALTIS": 7365642,
			"IDENTIFIANT_ISSUE": null,
			"ID_ISSUE": null,
			"ID_LANCEMENT_TITAN": 41,
			"INSTANCE_DECISION_FT": "Instance Test Titan",
			"LIBELLE_ETAT_AVANCEMENT_FT": "ANALYSIS",
			"LIBELLE_FT_TITAN": "CAPTEUR DETECTION OBSTACLE AV – MAL FIXE, TIENT MAL",
			"METIER_POUR_ACTION": "DSEE - MCSI",
			"NOM_LANCEMENT": "TEST 1",
			"TAGS": []
		}, {
			"DESIGNATION_PIECE": " - ET G",
			"ID": 16492,
			"IDENTIFIANT_FT_ALTIS": 7365646,
			"IDENTIFIANT_ISSUE": null,
			"ID_ISSUE": null,
			"ID_LANCEMENT_TITAN": 41,
			"INSTANCE_DECISION_FT": "Instance Test Titan",
			"LIBELLE_ETAT_AVANCEMENT_FT": "ANALYSIS",
			"LIBELLE_FT_TITAN": "COULISSE VITRE PORTE AVD – COUPE, DETERIORE",
			"METIER_POUR_ACTION": "DCHM - SOEE",
			"NOM_LANCEMENT": "TEST 1",
			"TAGS": []
		}, {
			"DESIGNATION_PIECE": " - AV",
			"ID": 16494,
			"IDENTIFIANT_FT_ALTIS": 7365655,
			"IDENTIFIANT_ISSUE": null,
			"ID_ISSUE": null,
			"ID_LANCEMENT_TITAN": 41,
			"INSTANCE_DECISION_FT": "Instance Test Titan",
			"LIBELLE_ETAT_AVANCEMENT_FT": "ANALYSIS",
			"LIBELLE_FT_TITAN": "JOINT CADRE PORTE AVG – COUPE, DETERIORE",
			"METIER_POUR_ACTION": "DCHM - SOEE",
			"NOM_LANCEMENT": "TEST 1",
			"TAGS": []
		}, {
			"DESIGNATION_PIECE": " - ET G",
			"ID": 16496,
			"IDENTIFIANT_FT_ALTIS": 7365661,
			"IDENTIFIANT_ISSUE": null,
			"ID_ISSUE": null,
			"ID_LANCEMENT_TITAN": 41,
			"INSTANCE_DECISION_FT": "Instance Test Titan",
			"LIBELLE_ETAT_AVANCEMENT_FT": "ANALYSIS",
			"LIBELLE_FT_TITAN": "GARNITURE SUP PIED CENT G – PLAQUE PAS",
			"METIER_POUR_ACTION": "DCHM - SCEG",
			"NOM_LANCEMENT": "TEST 1",
			"TAGS": []
		}, {
			"DESIGNATION_PIECE": " - ET G",
			"ID": 16498,
			"IDENTIFIANT_FT_ALTIS": 7365665,
			"IDENTIFIANT_ISSUE": null,
			"ID_ISSUE": null,
			"ID_LANCEMENT_TITAN": 41,
			"INSTANCE_DECISION_FT": "Instance Test Titan",
			"LIBELLE_ETAT_AVANCEMENT_FT": "ANALYSIS",
			"LIBELLE_FT_TITAN": "GARNITURE INF PIED CENT G – FRAYURES",
			"METIER_POUR_ACTION": "DCHM - SCEG",
			"NOM_LANCEMENT": "TEST 1",
			"TAGS": []
		}, {
			"DESIGNATION_PIECE": null,
			"ID": 16500,
			"IDENTIFIANT_FT_ALTIS": 7365668,
			"IDENTIFIANT_ISSUE": null,
			"ID_ISSUE": null,
			"ID_LANCEMENT_TITAN": 41,
			"INSTANCE_DECISION_FT": "Instance Test Titan",
			"LIBELLE_ETAT_AVANCEMENT_FT": "ANALYSIS",
			"LIBELLE_FT_TITAN": "GARNITURE SUP VOLET HAYON PORTE BATTANTE COFFRE – PLAQUE PAS",
			"METIER_POUR_ACTION": "DCHM - SOEE",
			"NOM_LANCEMENT": "TEST 1",
			"TAGS": []
		}, {
			"DESIGNATION_PIECE": null,
			"ID": 16750,
			"IDENTIFIANT_FT_ALTIS": 7372371,
			"IDENTIFIANT_ISSUE": null,
			"ID_ISSUE": null,
			"ID_LANCEMENT_TITAN": 41,
			"INSTANCE_DECISION_FT": "Instance Test Titan",
			"LIBELLE_ETAT_AVANCEMENT_FT": "ANALYSIS",
			"LIBELLE_FT_TITAN": "BUTEE VOLET HAYON – DECOLLE",
			"METIER_POUR_ACTION": "DCHM - QPFG",
			"NOM_LANCEMENT": "TEST 1",
			"TAGS": []
		}, {
			"DESIGNATION_PIECE": " - CITY PARK  ADAS",
			"ID": 17722,
			"IDENTIFIANT_FT_ALTIS": 7403070,
			"IDENTIFIANT_ISSUE": null,
			"ID_ISSUE": null,
			"ID_LANCEMENT_TITAN": 121,
			"INSTANCE_DECISION_FT": "Instance Test Titan",
			"LIBELLE_ETAT_AVANCEMENT_FT": "ANALYSIS",
			"LIBELLE_FT_TITAN": "PARE CHOC AV – RETASSURES, DETOURAGE PLASTIQ.DEFECTUEUX",
			"METIER_POUR_ACTION": "DSEE - MCSI",
			"NOM_LANCEMENT": "TEST 2",
			"TAGS": []
		}, {
			"DESIGNATION_PIECE": " - MANUEL",
			"ID": 18694,
			"IDENTIFIANT_FT_ALTIS": 7444479,
			"IDENTIFIANT_ISSUE": null,
			"ID_ISSUE": null,
			"ID_LANCEMENT_TITAN": 41,
			"INSTANCE_DECISION_FT": "Instance Test Titan",
			"LIBELLE_ETAT_AVANCEMENT_FT": "ANALYSIS",
			"LIBELLE_FT_TITAN": "VOLET AR – TALONNE OU TOUCHE",
			"METIER_POUR_ACTION": "DCHM - SOEE",
			"NOM_LANCEMENT": "TEST 1",
			"TAGS": []
		}, {
			"DESIGNATION_PIECE": null,
			"ID": 18696,
			"IDENTIFIANT_FT_ALTIS": 7444522,
			"IDENTIFIANT_ISSUE": null,
			"ID_ISSUE": null,
			"ID_LANCEMENT_TITAN": 41,
			"INSTANCE_DECISION_FT": "Instance Test Titan",
			"LIBELLE_ETAT_AVANCEMENT_FT": "ANALYSIS",
			"LIBELLE_FT_TITAN": "TRAIN AV – CLAQUEMENT, CRAQUEMENT, CLOC (MECANIQUE)",
			"METIER_POUR_ACTION": "ICDV - ATRP",
			"NOM_LANCEMENT": "TEST 1",
			"TAGS": []
		}, {
			"DESIGNATION_PIECE": " - PROJECTEUR MS HALOGENE",
			"ID": 18700,
			"IDENTIFIANT_FT_ALTIS": 7444607,
			"IDENTIFIANT_ISSUE": null,
			"ID_ISSUE": null,
			"ID_LANCEMENT_TITAN": 41,
			"INSTANCE_DECISION_FT": "Instance Test Titan",
			"LIBELLE_ETAT_AVANCEMENT_FT": "ANALYSIS",
			"LIBELLE_FT_TITAN": "PROJECTEUR AV – MAUVAIS ASPECT DE SURFACE",
			"METIER_POUR_ACTION": "DCHM - SOEE",
			"NOM_LANCEMENT": "TEST 1",
			"TAGS": []
		}, {
			"DESIGNATION_PIECE": " - BOITIER TELEMATIQUE AUTONOME",
			"ID": 18708,
			"IDENTIFIANT_FT_ALTIS": 7445390,
			"IDENTIFIANT_ISSUE": null,
			"ID_ISSUE": null,
			"ID_LANCEMENT_TITAN": 41,
			"INSTANCE_DECISION_FT": "Instance Test Titan",
			"LIBELLE_ETAT_AVANCEMENT_FT": "ANALYSIS",
			"LIBELLE_FT_TITAN": "BOITIER PILOTAGE ELECTRONIQUE MULTILFONCTIONNEL – FONCTIONNE PAS",
			"METIER_POUR_ACTION": "DSEE - MCSI",
			"NOM_LANCEMENT": "TEST 1",
			"TAGS": []
		}, {
			"DESIGNATION_PIECE": null,
			"ID": 18888,
			"IDENTIFIANT_FT_ALTIS": 7449295,
			"IDENTIFIANT_ISSUE": null,
			"ID_ISSUE": null,
			"ID_LANCEMENT_TITAN": 41,
			"INSTANCE_DECISION_FT": "Instance Test Titan",
			"LIBELLE_ETAT_AVANCEMENT_FT": "ANALYSIS",
			"LIBELLE_FT_TITAN": "GARNITURE PANNEAU AR – GRESILLEMENT",
			"METIER_POUR_ACTION": "DCHM - SOEE",
			"NOM_LANCEMENT": "TEST 1",
			"TAGS": []
		}, {
			"DESIGNATION_PIECE": null,
			"ID": 18890,
			"IDENTIFIANT_FT_ALTIS": 7449298,
			"IDENTIFIANT_ISSUE": null,
			"ID_ISSUE": null,
			"ID_LANCEMENT_TITAN": 41,
			"INSTANCE_DECISION_FT": "Instance Test Titan",
			"LIBELLE_ETAT_AVANCEMENT_FT": "ANALYSIS",
			"LIBELLE_FT_TITAN": "IQF VALID - VIDE-POCHES INF PLANCHE BORD PASSAGER – GRINCEMENT,CRISSEMENT,COUINEMENT (CARR)",
			"METIER_POUR_ACTION": "DCHM - SPCS",
			"NOM_LANCEMENT": "TEST 1",
			"TAGS": []
		}, {
			"DESIGNATION_PIECE": " - BV AM6 III",
			"ID": 18892,
			"IDENTIFIANT_FT_ALTIS": 7449323,
			"IDENTIFIANT_ISSUE": null,
			"ID_ISSUE": null,
			"ID_LANCEMENT_TITAN": 41,
			"INSTANCE_DECISION_FT": "Instance Test Titan",
			"LIBELLE_ETAT_AVANCEMENT_FT": "ANALYSIS",
			"LIBELLE_FT_TITAN": "BOITE VITESSES – FUITE D'HUILE",
			"METIER_POUR_ACTION": "IACT - BV",
			"NOM_LANCEMENT": "TEST 1",
			"TAGS": []
		}, {
			"DESIGNATION_PIECE": null,
			"ID": 19124,
			"IDENTIFIANT_FT_ALTIS": 7453337,
			"IDENTIFIANT_ISSUE": null,
			"ID_ISSUE": null,
			"ID_LANCEMENT_TITAN": 41,
			"INSTANCE_DECISION_FT": "Instance Test Titan",
			"LIBELLE_ETAT_AVANCEMENT_FT": "ANALYSIS",
			"LIBELLE_FT_TITAN": "PMS PORTAIL DE MOBILITE SMEG – FONCTIONNE PAS",
			"METIER_POUR_ACTION": null,
			"NOM_LANCEMENT": "TEST 1",
			"TAGS": []
		}, {
			"DESIGNATION_PIECE": " - VP2 : VISION PANORAMIQUE - ADAS",
			"ID": 19272,
			"IDENTIFIANT_FT_ALTIS": 7457179,
			"IDENTIFIANT_ISSUE": null,
			"ID_ISSUE": null,
			"ID_LANCEMENT_TITAN": 41,
			"INSTANCE_DECISION_FT": "Instance Test Titan",
			"LIBELLE_ETAT_AVANCEMENT_FT": "ANALYSIS",
			"LIBELLE_FT_TITAN": "TEST GUILLERME",
			"METIER_POUR_ACTION": "DSEE - MCSI",
			"NOM_LANCEMENT": "TEST 1",
			"TAGS": []
		}, {
			"DESIGNATION_PIECE": null,
			"ID": 19274,
			"IDENTIFIANT_FT_ALTIS": 7457183,
			"IDENTIFIANT_ISSUE": null,
			"ID_ISSUE": null,
			"ID_LANCEMENT_TITAN": 41,
			"INSTANCE_DECISION_FT": "Tests Techniques DSIN",
			"LIBELLE_ETAT_AVANCEMENT_FT": "OPENING",
			"LIBELLE_FT_TITAN": null,
			"METIER_POUR_ACTION": null,
			"NOM_LANCEMENT": "TEST 1",
			"TAGS": []
		}, {
			"DESIGNATION_PIECE": " - GAUCHE",
			"ID": 19282,
			"IDENTIFIANT_FT_ALTIS": 7457652,
			"IDENTIFIANT_ISSUE": null,
			"ID_ISSUE": null,
			"ID_LANCEMENT_TITAN": 41,
			"INSTANCE_DECISION_FT": "Instance Test Titan",
			"LIBELLE_ETAT_AVANCEMENT_FT": "ANALYSIS",
			"LIBELLE_FT_TITAN": "PORTE AV – DEFORMATION ACCIDENTELLE",
			"METIER_POUR_ACTION": "DCHM - SOEE",
			"NOM_LANCEMENT": "TEST 1",
			"TAGS": ["TEST1"]
		}, {
			"DESIGNATION_PIECE": null,
			"ID": 20704,
			"IDENTIFIANT_FT_ALTIS": 7504331,
			"IDENTIFIANT_ISSUE": null,
			"ID_ISSUE": null,
			"ID_LANCEMENT_TITAN": 41,
			"INSTANCE_DECISION_FT": "Instance Test Titan",
			"LIBELLE_ETAT_AVANCEMENT_FT": "ANALYSIS",
			"LIBELLE_FT_TITAN": "DEMARRAGE MAIN LIBRE AVEC OU SANS CLE ELECTRONIQUE – INDICATION DE MAUVAIS FONCTIONNEMENT",
			"METIER_POUR_ACTION": "DSEE - MCSI",
			"NOM_LANCEMENT": "TEST 1",
			"TAGS": []
		}, {
			"DESIGNATION_PIECE": null,
			"ID": 20706,
			"IDENTIFIANT_FT_ALTIS": 7504337,
			"IDENTIFIANT_ISSUE": null,
			"ID_ISSUE": null,
			"ID_LANCEMENT_TITAN": 41,
			"INSTANCE_DECISION_FT": "Instance Test Titan",
			"LIBELLE_ETAT_AVANCEMENT_FT": "ANALYSIS",
			"LIBELLE_FT_TITAN": "(2158)PRISE USB RDX – FONCTIONNE MAL",
			"METIER_POUR_ACTION": "DSEE - MC2E",
			"NOM_LANCEMENT": "TEST 1",
			"TAGS": []
		}, {
			"DESIGNATION_PIECE": " - BOITIER ECLAIRAGE MOTORISATION",
			"ID": 20708,
			"IDENTIFIANT_FT_ALTIS": 7504340,
			"IDENTIFIANT_ISSUE": null,
			"ID_ISSUE": null,
			"ID_LANCEMENT_TITAN": 41,
			"INSTANCE_DECISION_FT": "Instance Test Titan",
			"LIBELLE_ETAT_AVANCEMENT_FT": "ANALYSIS",
			"LIBELLE_FT_TITAN": "BOITIER PILOTAGE ELECTRONIQUE MULTILFONCTIONNEL – FONCTIONNE PAS",
			"METIER_POUR_ACTION": "DSEE - MCSI",
			"NOM_LANCEMENT": "TEST 1",
			"TAGS": []
		}, {
			"DESIGNATION_PIECE": null,
			"ID": 20772,
			"IDENTIFIANT_FT_ALTIS": 7506571,
			"IDENTIFIANT_ISSUE": null,
			"ID_ISSUE": null,
			"ID_LANCEMENT_TITAN": 41,
			"INSTANCE_DECISION_FT": "Instance Test Titan",
			"LIBELLE_ETAT_AVANCEMENT_FT": "ANALYSIS",
			"LIBELLE_FT_TITAN": "ESSAI",
			"METIER_POUR_ACTION": "DAPF - BCEV",
			"NOM_LANCEMENT": "TEST 1",
			"TAGS": []
		}, {
			"DESIGNATION_PIECE": " - AR",
			"ID": 21674,
			"IDENTIFIANT_FT_ALTIS": 7536849,
			"IDENTIFIANT_ISSUE": null,
			"ID_ISSUE": null,
			"ID_LANCEMENT_TITAN": 41,
			"INSTANCE_DECISION_FT": "Instance Test Titan",
			"LIBELLE_ETAT_AVANCEMENT_FT": "ANALYSIS",
			"LIBELLE_FT_TITAN": "SYSTEME TELEMATIQUE – FONCTIONNE PAS",
			"METIER_POUR_ACTION": "DSEE - MCSI",
			"NOM_LANCEMENT": "TEST 1",
			"TAGS": []
		}, {
			"DESIGNATION_PIECE": " - TEP",
			"ID": 21916,
			"IDENTIFIANT_FT_ALTIS": 7549811,
			"IDENTIFIANT_ISSUE": null,
			"ID_ISSUE": null,
			"ID_LANCEMENT_TITAN": 41,
			"INSTANCE_DECISION_FT": "Instance Test Titan",
			"LIBELLE_ETAT_AVANCEMENT_FT": "ANALYSIS",
			"LIBELLE_FT_TITAN": "TEST GUILLERME",
			"METIER_POUR_ACTION": "DCHM - SPCS",
			"NOM_LANCEMENT": "TEST 1",
			"TAGS": []
		}, {
			"DESIGNATION_PIECE": " - MANUEL",
			"ID": 21972,
			"IDENTIFIANT_FT_ALTIS": 7551903,
			"IDENTIFIANT_ISSUE": null,
			"ID_ISSUE": null,
			"ID_LANCEMENT_TITAN": 41,
			"INSTANCE_DECISION_FT": "Instance Test Titan",
			"LIBELLE_ETAT_AVANCEMENT_FT": "ANALYSIS",
			"LIBELLE_FT_TITAN": "VOLET HAYON COFFRE PORTE BATTANTE – ECAILLAGE",
			"METIER_POUR_ACTION": "DCHM - SOEE",
			"NOM_LANCEMENT": "TEST 1",
			"TAGS": []
		}, {
			"DESIGNATION_PIECE": " - GAUCHE",
			"ID": 21974,
			"IDENTIFIANT_FT_ALTIS": 7551909,
			"IDENTIFIANT_ISSUE": null,
			"ID_ISSUE": null,
			"ID_LANCEMENT_TITAN": 41,
			"INSTANCE_DECISION_FT": "Instance Test Titan",
			"LIBELLE_ETAT_AVANCEMENT_FT": "ANALYSIS",
			"LIBELLE_FT_TITAN": "AILE AV \/ PORTE AV – EN RETRAIT",
			"METIER_POUR_ACTION": "DCHM - SOEE",
			"NOM_LANCEMENT": "TEST 1",
			"TAGS": []
		}, {
			"DESIGNATION_PIECE": " - DROITE SISI",
			"ID": 21976,
			"IDENTIFIANT_FT_ALTIS": 7551915,
			"IDENTIFIANT_ISSUE": null,
			"ID_ISSUE": null,
			"ID_LANCEMENT_TITAN": 41,
			"INSTANCE_DECISION_FT": "Instance Test Titan",
			"LIBELLE_ETAT_AVANCEMENT_FT": "ANALYSIS",
			"LIBELLE_FT_TITAN": "PORTE AV – RAYURE",
			"METIER_POUR_ACTION": "DCHM - SOEE",
			"NOM_LANCEMENT": "TEST 1",
			"TAGS": []
		}, {
			"DESIGNATION_PIECE": " - ACC STOP - ADAS",
			"ID": 23526,
			"IDENTIFIANT_FT_ALTIS": 7592080,
			"IDENTIFIANT_ISSUE": null,
			"ID_ISSUE": null,
			"ID_LANCEMENT_TITAN": 121,
			"INSTANCE_DECISION_FT": "Instance Test Titan",
			"LIBELLE_ETAT_AVANCEMENT_FT": "ANALYSIS",
			"LIBELLE_FT_TITAN": "TEST GUILLERME",
			"METIER_POUR_ACTION": "DSEE - MCSI",
			"NOM_LANCEMENT": "TEST 2",
			"TAGS": []
		}, {
			"DESIGNATION_PIECE": " - DROITE SISI",
			"ID": 26530,
			"IDENTIFIANT_FT_ALTIS": 7669817,
			"IDENTIFIANT_ISSUE": null,
			"ID_ISSUE": null,
			"ID_LANCEMENT_TITAN": 41,
			"INSTANCE_DECISION_FT": "Instance Test Titan",
			"LIBELLE_ETAT_AVANCEMENT_FT": "ANALYSIS",
			"LIBELLE_FT_TITAN": "PORTE AV – ECAILLAGE",
			"METIER_POUR_ACTION": "DCHM - SOEE",
			"NOM_LANCEMENT": "TEST 1",
			"TAGS": []
		}, {
			"DESIGNATION_PIECE": null,
			"ID": 29828,
			"IDENTIFIANT_FT_ALTIS": 7753283,
			"IDENTIFIANT_ISSUE": null,
			"ID_ISSUE": null,
			"ID_LANCEMENT_TITAN": 41,
			"INSTANCE_DECISION_FT": "Instance Test Titan",
			"LIBELLE_ETAT_AVANCEMENT_FT": "ANALYSIS",
			"LIBELLE_FT_TITAN": "IQF - VALID - RENVOI CACHE ET REGLAGE CEINTURE SECURITE AV – GRESILLEMENT",
			"METIER_POUR_ACTION": "DCHM - SCEG",
			"NOM_LANCEMENT": "TEST 1",
			"TAGS": []
		}, {
			"DESIGNATION_PIECE": " - DROITE",
			"ID": 29830,
			"IDENTIFIANT_FT_ALTIS": 7753298,
			"IDENTIFIANT_ISSUE": null,
			"ID_ISSUE": null,
			"ID_LANCEMENT_TITAN": 41,
			"INSTANCE_DECISION_FT": "Instance Test Titan",
			"LIBELLE_ETAT_AVANCEMENT_FT": "ANALYSIS",
			"LIBELLE_FT_TITAN": "IQF VALID - PORTE AR – GRINCEMENT,CRISSEMENT,COUINEMENT (CARR)",
			"METIER_POUR_ACTION": "DCHM - SOEE",
			"NOM_LANCEMENT": "TEST 1",
			"TAGS": []
		}, {
			"DESIGNATION_PIECE": " - GAUCHE",
			"ID": 29832,
			"IDENTIFIANT_FT_ALTIS": 7753301,
			"IDENTIFIANT_ISSUE": null,
			"ID_ISSUE": null,
			"ID_LANCEMENT_TITAN": 41,
			"INSTANCE_DECISION_FT": "Instance Test Titan",
			"LIBELLE_ETAT_AVANCEMENT_FT": "ANALYSIS",
			"LIBELLE_FT_TITAN": "IQF VALID - PORTE AR – GRINCEMENT,CRISSEMENT,COUINEMENT (CARR)",
			"METIER_POUR_ACTION": "DCHM - SOEE",
			"NOM_LANCEMENT": "TEST 1",
			"TAGS": ["BRUIT CARROSERIE"]
		}, {
			"DESIGNATION_PIECE": null,
			"ID": 29834,
			"IDENTIFIANT_FT_ALTIS": 7753306,
			"IDENTIFIANT_ISSUE": null,
			"ID_ISSUE": null,
			"ID_LANCEMENT_TITAN": 41,
			"INSTANCE_DECISION_FT": "Instance Test Titan",
			"LIBELLE_ETAT_AVANCEMENT_FT": "ANALYSIS",
			"LIBELLE_FT_TITAN": "IQF VALID - STORE PAVILLON TOIT OUVRANT CIELO – CLAQUEMENT,CRAQUEMENT,CLOC (CARR)",
			"METIER_POUR_ACTION": "DCHM - SOEE",
			"NOM_LANCEMENT": "TEST 1",
			"TAGS": []
		}, {
			"DESIGNATION_PIECE": " - CAMERA RECUL",
			"ID": 29836,
			"IDENTIFIANT_FT_ALTIS": 7753311,
			"IDENTIFIANT_ISSUE": null,
			"ID_ISSUE": null,
			"ID_LANCEMENT_TITAN": 41,
			"INSTANCE_DECISION_FT": "Instance Test Titan",
			"LIBELLE_ETAT_AVANCEMENT_FT": "ANALYSIS",
			"LIBELLE_FT_TITAN": "IQF - VALID - CAMERA AIDE VISUELLE PANORAMIQUE – FONCTIONNE MAL",
			"METIER_POUR_ACTION": "DSEE - MCSI",
			"NOM_LANCEMENT": "TEST 1",
			"TAGS": []
		}, {
			"DESIGNATION_PIECE": null,
			"ID": 29838,
			"IDENTIFIANT_FT_ALTIS": 7753324,
			"IDENTIFIANT_ISSUE": null,
			"ID_ISSUE": null,
			"ID_LANCEMENT_TITAN": 41,
			"INSTANCE_DECISION_FT": "Instance Test Titan",
			"LIBELLE_ETAT_AVANCEMENT_FT": "ANALYSIS",
			"LIBELLE_FT_TITAN": "IQF - VALID - STORE PAVILLON TOIT OUVRANT CIELO – CLAQUEMENT,CRAQUEMENT,CLOC (CARR)",
			"METIER_POUR_ACTION": "DCHM - SOEE",
			"NOM_LANCEMENT": "TEST 1",
			"TAGS": ["BRUIT CARROSERIE"]
		}, {
			"DESIGNATION_PIECE": " - MANUEL",
			"ID": 29840,
			"IDENTIFIANT_FT_ALTIS": 7753327,
			"IDENTIFIANT_ISSUE": null,
			"ID_ISSUE": null,
			"ID_LANCEMENT_TITAN": 41,
			"INSTANCE_DECISION_FT": "Instance Test Titan",
			"LIBELLE_ETAT_AVANCEMENT_FT": "ANALYSIS",
			"LIBELLE_FT_TITAN": "IQF - VALID - VOLET HAYON COFFRE PORTE BATTANTE – CLAQUEMENT,CRAQUEMENT,CLOC (CARR)",
			"METIER_POUR_ACTION": "DCHM - SOEE",
			"NOM_LANCEMENT": "TEST 1",
			"TAGS": ["BRUIT CARROSERIE"]
		}, {
			"DESIGNATION_PIECE": " - MOTORISE",
			"ID": 29842,
			"IDENTIFIANT_FT_ALTIS": 7753330,
			"IDENTIFIANT_ISSUE": null,
			"ID_ISSUE": null,
			"ID_LANCEMENT_TITAN": 41,
			"INSTANCE_DECISION_FT": "Instance Test Titan",
			"LIBELLE_ETAT_AVANCEMENT_FT": "ANALYSIS",
			"LIBELLE_FT_TITAN": "IQF - VALID - VOLET HAYON COFFRE PORTE BATTANTE – CLAQUEMENT,CRAQUEMENT,CLOC (CARR)",
			"METIER_POUR_ACTION": "DCHM - SOEE",
			"NOM_LANCEMENT": "TEST 1",
			"TAGS": ["BRUIT CARROSERIE"]
		}, {
			"DESIGNATION_PIECE": " - TOP P84",
			"ID": 29844,
			"IDENTIFIANT_FT_ALTIS": 7753333,
			"IDENTIFIANT_ISSUE": null,
			"ID_ISSUE": null,
			"ID_LANCEMENT_TITAN": 41,
			"INSTANCE_DECISION_FT": "Instance Test Titan",
			"LIBELLE_ETAT_AVANCEMENT_FT": "ANALYSIS",
			"LIBELLE_FT_TITAN": "IQF - VALID - GARNITURE PAVILLON – CLAQUEMENT,CRAQUEMENT,CLOC (CARR)",
			"METIER_POUR_ACTION": "DCHM - SCEG",
			"NOM_LANCEMENT": "TEST 1",
			"TAGS": ["BRUIT CARROSERIE"]
		}, {
			"DESIGNATION_PIECE": null,
			"ID": 29846,
			"IDENTIFIANT_FT_ALTIS": 7753342,
			"IDENTIFIANT_ISSUE": null,
			"ID_ISSUE": null,
			"ID_LANCEMENT_TITAN": 41,
			"INSTANCE_DECISION_FT": "Instance Test Titan",
			"LIBELLE_ETAT_AVANCEMENT_FT": "ANALYSIS",
			"LIBELLE_FT_TITAN": "IQF - VALID - COUVERCLE VIDE POCHES PLANCHE BORD – CLAQUEMENT,CRAQUEMENT,CLOC (CARR)",
			"METIER_POUR_ACTION": "DCHM - SPCS",
			"NOM_LANCEMENT": "TEST 1",
			"TAGS": []
		}, {
			"DESIGNATION_PIECE": null,
			"ID": 29848,
			"IDENTIFIANT_FT_ALTIS": 7753345,
			"IDENTIFIANT_ISSUE": null,
			"ID_ISSUE": null,
			"ID_LANCEMENT_TITAN": 41,
			"INSTANCE_DECISION_FT": "Instance Test Titan",
			"LIBELLE_ETAT_AVANCEMENT_FT": "ANALYSIS",
			"LIBELLE_FT_TITAN": "IQF - VALID - OBTURATEUR SOUS CAISSE – MANQUE (FONCTIONNEL)",
			"METIER_POUR_ACTION": "DCHM - SCEG",
			"NOM_LANCEMENT": "TEST 1",
			"TAGS": []
		}, {
			"DESIGNATION_PIECE": null,
			"ID": 29850,
			"IDENTIFIANT_FT_ALTIS": 7753349,
			"IDENTIFIANT_ISSUE": null,
			"ID_ISSUE": null,
			"ID_LANCEMENT_TITAN": 41,
			"INSTANCE_DECISION_FT": "Instance Test Titan",
			"LIBELLE_ETAT_AVANCEMENT_FT": "ANALYSIS",
			"LIBELLE_FT_TITAN": "IQF - VALID - VIDE POCHES ACCOUDOIR CONSOLE – GRINCEMENT,CRISSEMENT,COUINEMENT (CARR)",
			"METIER_POUR_ACTION": "DCHM - SPCS",
			"NOM_LANCEMENT": "TEST 1",
			"TAGS": ["BRUIT CARROSERIE"]
		}, {
			"DESIGNATION_PIECE": " - DROITE",
			"ID": 29852,
			"IDENTIFIANT_FT_ALTIS": 7753354,
			"IDENTIFIANT_ISSUE": null,
			"ID_ISSUE": null,
			"ID_LANCEMENT_TITAN": 41,
			"INSTANCE_DECISION_FT": "Instance Test Titan",
			"LIBELLE_ETAT_AVANCEMENT_FT": "ANALYSIS",
			"LIBELLE_FT_TITAN": "IQF - VALID - ZONE ENTREE PORTE AR – GRINCEMENT,CRISSEMENT,COUINEMENT (CARR)",
			"METIER_POUR_ACTION": "DCHM - SOEE",
			"NOM_LANCEMENT": "TEST 1",
			"TAGS": []
		}, {
			"DESIGNATION_PIECE": null,
			"ID": 29854,
			"IDENTIFIANT_FT_ALTIS": 7753359,
			"IDENTIFIANT_ISSUE": null,
			"ID_ISSUE": null,
			"ID_LANCEMENT_TITAN": 41,
			"INSTANCE_DECISION_FT": "Instance Test Titan",
			"LIBELLE_ETAT_AVANCEMENT_FT": "ANALYSIS",
			"LIBELLE_FT_TITAN": "IQF - VALID - TABLETTE AR ET BUTEE TABLETTE AR – TALONNE OU TOUCHE",
			"METIER_POUR_ACTION": "DCHM - SCEG",
			"NOM_LANCEMENT": "TEST 1",
			"TAGS": []
		}, {
			"DESIGNATION_PIECE": " - MANUEL",
			"ID": 29890,
			"IDENTIFIANT_FT_ALTIS": 6771476,
			"IDENTIFIANT_ISSUE": null,
			"ID_ISSUE": null,
			"ID_LANCEMENT_TITAN": 181,
			"INSTANCE_DECISION_FT": "Instance Test Titan",
			"LIBELLE_ETAT_AVANCEMENT_FT": "ANALYSIS",
			"LIBELLE_FT_TITAN": "IQF - VALID - VOLET HAYON COFFRE PORTE BATTANTE – CLAQUEMENT, CRAQUEMENT, CLOC (CARROSSERIE)",
			"METIER_POUR_ACTION": "DCHM - SOEE",
			"NOM_LANCEMENT": "TEST 3",
			"TAGS": ["BRUIT FONC"]
		}, {
			"DESIGNATION_PIECE": " - DV6FC",
			"ID": 29892,
			"IDENTIFIANT_FT_ALTIS": 7755769,
			"IDENTIFIANT_ISSUE": null,
			"ID_ISSUE": null,
			"ID_LANCEMENT_TITAN": 181,
			"INSTANCE_DECISION_FT": "Instance Test Titan",
			"LIBELLE_ETAT_AVANCEMENT_FT": "ANALYSIS",
			"LIBELLE_FT_TITAN": "IQF - VALID - GROUPE MOTOPROPULSEUR GMP – MOTEUR: CLAQUEMENT",
			"METIER_POUR_ACTION": "IACT - MOT",
			"NOM_LANCEMENT": "TEST 3",
			"TAGS": ["BRUIT FONC"]
		}, {
			"DESIGNATION_PIECE": null,
			"ID": 29894,
			"IDENTIFIANT_FT_ALTIS": 7755797,
			"IDENTIFIANT_ISSUE": null,
			"ID_ISSUE": null,
			"ID_LANCEMENT_TITAN": 181,
			"INSTANCE_DECISION_FT": "Instance Test Titan",
			"LIBELLE_ETAT_AVANCEMENT_FT": "ANALYSIS",
			"LIBELLE_FT_TITAN": "IQF - VALID - HABITACLE – NIVEAU D'ACOUSTIQUE GLOBAL",
			"METIER_POUR_ACTION": "DAPF - ACV",
			"NOM_LANCEMENT": "TEST 3",
			"TAGS": []
		}, {
			"DESIGNATION_PIECE": " - BV BE",
			"ID": 29896,
			"IDENTIFIANT_FT_ALTIS": 7755801,
			"IDENTIFIANT_ISSUE": null,
			"ID_ISSUE": null,
			"ID_LANCEMENT_TITAN": 181,
			"INSTANCE_DECISION_FT": "Instance Test Titan",
			"LIBELLE_ETAT_AVANCEMENT_FT": "ANALYSIS",
			"LIBELLE_FT_TITAN": "IQF - VALID - BOITE VITESSES MANUELLE BVM – DURETE AU PASSAGE DE VITESSE",
			"METIER_POUR_ACTION": "IACT - BV",
			"NOM_LANCEMENT": "TEST 3",
			"TAGS": []
		}, {
			"DESIGNATION_PIECE": null,
			"ID": 29898,
			"IDENTIFIANT_FT_ALTIS": 7755815,
			"IDENTIFIANT_ISSUE": null,
			"ID_ISSUE": null,
			"ID_LANCEMENT_TITAN": 181,
			"INSTANCE_DECISION_FT": "Instance Test Titan",
			"LIBELLE_ETAT_AVANCEMENT_FT": "ANALYSIS",
			"LIBELLE_FT_TITAN": "IQF - VALID - SYSTEME KML ET TELEPHONE – FONCTIONNE PAS",
			"METIER_POUR_ACTION": "DSEE - MC2E",
			"NOM_LANCEMENT": "TEST 3",
			"TAGS": []
		}, {
			"DESIGNATION_PIECE": " - BV BE",
			"ID": 29900,
			"IDENTIFIANT_FT_ALTIS": 7755841,
			"IDENTIFIANT_ISSUE": null,
			"ID_ISSUE": null,
			"ID_LANCEMENT_TITAN": 41,
			"INSTANCE_DECISION_FT": "Instance Test Titan",
			"LIBELLE_ETAT_AVANCEMENT_FT": "ANALYSIS",
			"LIBELLE_FT_TITAN": "IQF - VALID - BOITE VITESSES MANUELLE BVM – DURETE AU PASSAGE DE VITESSE",
			"METIER_POUR_ACTION": "IACT - BV",
			"NOM_LANCEMENT": "TEST 1",
			"TAGS": []
		}, {
			"DESIGNATION_PIECE": " - BV ML6C",
			"ID": 29902,
			"IDENTIFIANT_FT_ALTIS": 7755845,
			"IDENTIFIANT_ISSUE": null,
			"ID_ISSUE": null,
			"ID_LANCEMENT_TITAN": 41,
			"INSTANCE_DECISION_FT": "Instance Test Titan",
			"LIBELLE_ETAT_AVANCEMENT_FT": "ANALYSIS",
			"LIBELLE_FT_TITAN": "IQF - VALID - FONCTION MARCHE AR – DURETE AU PASSAGE DE VITESSE",
			"METIER_POUR_ACTION": "IACT - BV",
			"NOM_LANCEMENT": "TEST 1",
			"TAGS": []
		}, {
			"DESIGNATION_PIECE": null,
			"ID": 29904,
			"IDENTIFIANT_FT_ALTIS": 7755797,
			"IDENTIFIANT_ISSUE": null,
			"ID_ISSUE": null,
			"ID_LANCEMENT_TITAN": 41,
			"INSTANCE_DECISION_FT": "Instance Test Titan",
			"LIBELLE_ETAT_AVANCEMENT_FT": "ANALYSIS",
			"LIBELLE_FT_TITAN": "IQF - VALID - HABITACLE – NIVEAU D'ACOUSTIQUE GLOBAL",
			"METIER_POUR_ACTION": "DCHM - SCEG",
			"NOM_LANCEMENT": "TEST 1",
			"TAGS": ["BRUIT FONC"]
		}, {
			"DESIGNATION_PIECE": " - DV6FD",
			"ID": 29906,
			"IDENTIFIANT_FT_ALTIS": 7755769,
			"IDENTIFIANT_ISSUE": null,
			"ID_ISSUE": null,
			"ID_LANCEMENT_TITAN": 41,
			"INSTANCE_DECISION_FT": "Instance Test Titan",
			"LIBELLE_ETAT_AVANCEMENT_FT": "ANALYSIS",
			"LIBELLE_FT_TITAN": "IQF - VALID - GROUPE MOTOPROPULSEUR GMP – MOTEUR: CLAQUEMENT",
			"METIER_POUR_ACTION": "IACT - MOT",
			"NOM_LANCEMENT": "TEST 1",
			"TAGS": []
		}, {
			"DESIGNATION_PIECE": null,
			"ID": 29908,
			"IDENTIFIANT_FT_ALTIS": 7755852,
			"IDENTIFIANT_ISSUE": null,
			"ID_ISSUE": null,
			"ID_LANCEMENT_TITAN": 41,
			"INSTANCE_DECISION_FT": "Instance Test Titan",
			"LIBELLE_ETAT_AVANCEMENT_FT": "ANALYSIS",
			"LIBELLE_FT_TITAN": "IQF - VALID - INTERNET – FONCTIONNE MAL",
			"METIER_POUR_ACTION": "DSEE - MC2E",
			"NOM_LANCEMENT": "TEST 1",
			"TAGS": []
		}, {
			"DESIGNATION_PIECE": null,
			"ID": 29910,
			"IDENTIFIANT_FT_ALTIS": 7755855,
			"IDENTIFIANT_ISSUE": null,
			"ID_ISSUE": null,
			"ID_LANCEMENT_TITAN": 41,
			"INSTANCE_DECISION_FT": "Instance Test Titan",
			"LIBELLE_ETAT_AVANCEMENT_FT": "ANALYSIS",
			"LIBELLE_FT_TITAN": "IQF - VALID - SYSTEME KML ET TELEPHONE – FONCTIONNE PAS",
			"METIER_POUR_ACTION": "DSEE - MC2E",
			"NOM_LANCEMENT": "TEST 1",
			"TAGS": []
		}, {
			"DESIGNATION_PIECE": null,
			"ID": 29912,
			"IDENTIFIANT_FT_ALTIS": 7755862,
			"IDENTIFIANT_ISSUE": null,
			"ID_ISSUE": null,
			"ID_LANCEMENT_TITAN": 41,
			"INSTANCE_DECISION_FT": "Instance Test Titan",
			"LIBELLE_ETAT_AVANCEMENT_FT": "ANALYSIS",
			"LIBELLE_FT_TITAN": "IQF - VALID - MIRROR LINK – FONCTIONNE MAL",
			"METIER_POUR_ACTION": "DSEE - MC2E",
			"NOM_LANCEMENT": "TEST 1",
			"TAGS": []
		}, {
			"DESIGNATION_PIECE": null,
			"ID": 29914,
			"IDENTIFIANT_FT_ALTIS": 7755869,
			"IDENTIFIANT_ISSUE": null,
			"ID_ISSUE": null,
			"ID_LANCEMENT_TITAN": 41,
			"INSTANCE_DECISION_FT": "Instance Test Titan",
			"LIBELLE_ETAT_AVANCEMENT_FT": "ANALYSIS",
			"LIBELLE_FT_TITAN": "IQF - VALID - SYSTEME KML ET TELEPHONE – FONCTIONNE MAL",
			"METIER_POUR_ACTION": "DSEE - MC2E",
			"NOM_LANCEMENT": "TEST 1",
			"TAGS": []
		}, {
			"DESIGNATION_PIECE": " - NIV 3 P8X",
			"ID": 29916,
			"IDENTIFIANT_FT_ALTIS": 7755895,
			"IDENTIFIANT_ISSUE": null,
			"ID_ISSUE": null,
			"ID_LANCEMENT_TITAN": 181,
			"INSTANCE_DECISION_FT": " QF X81 Chine",
			"LIBELLE_ETAT_AVANCEMENT_FT": "ANALYSIS",
			"LIBELLE_FT_TITAN": "IQF - VALID - SIEGE AV – CLAQUEMENT,CRAQUEMENT,CLOC (CARR)",
			"METIER_POUR_ACTION": "DCHM - SPCS",
			"NOM_LANCEMENT": "TEST 3",
			"TAGS": []
		}, {
			"DESIGNATION_PIECE": " - BV AT6 III",
			"ID": 29918,
			"IDENTIFIANT_FT_ALTIS": 7755901,
			"IDENTIFIANT_ISSUE": null,
			"ID_ISSUE": null,
			"ID_LANCEMENT_TITAN": 181,
			"INSTANCE_DECISION_FT": " QF X81 Chine",
			"LIBELLE_ETAT_AVANCEMENT_FT": "ANALYSIS",
			"LIBELLE_FT_TITAN": "IQF - VALID - FONCTION MARCHE AR – DURETE AU PASSAGE DE VITESSE",
			"METIER_POUR_ACTION": "IACT - BV",
			"NOM_LANCEMENT": "TEST 3",
			"TAGS": []
		}, {
			"DESIGNATION_PIECE": null,
			"ID": 29934,
			"IDENTIFIANT_FT_ALTIS": 7755954,
			"IDENTIFIANT_ISSUE": null,
			"ID_ISSUE": null,
			"ID_LANCEMENT_TITAN": 41,
			"INSTANCE_DECISION_FT": "Instance Test Titan",
			"LIBELLE_ETAT_AVANCEMENT_FT": "ANALYSIS",
			"LIBELLE_FT_TITAN": "IQF - VALID - MIRROR LINK – FONCTIONNE MAL",
			"METIER_POUR_ACTION": "DSEE - MC2E",
			"NOM_LANCEMENT": "TEST 1",
			"TAGS": []
		}, {
			"DESIGNATION_PIECE": null,
			"ID": 29936,
			"IDENTIFIANT_FT_ALTIS": 7755957,
			"IDENTIFIANT_ISSUE": null,
			"ID_ISSUE": null,
			"ID_LANCEMENT_TITAN": 41,
			"INSTANCE_DECISION_FT": "Instance Test Titan",
			"LIBELLE_ETAT_AVANCEMENT_FT": "ANALYSIS",
			"LIBELLE_FT_TITAN": "IQF - VALID - SYSTEME KML ET TELEPHONE – FONCTIONNE PAS",
			"METIER_POUR_ACTION": "DSEE - MC2E",
			"NOM_LANCEMENT": "TEST 1",
			"TAGS": []
		}, {
			"DESIGNATION_PIECE": null,
			"ID": 29938,
			"IDENTIFIANT_FT_ALTIS": 7755960,
			"IDENTIFIANT_ISSUE": null,
			"ID_ISSUE": null,
			"ID_LANCEMENT_TITAN": 41,
			"INSTANCE_DECISION_FT": "Instance Test Titan",
			"LIBELLE_ETAT_AVANCEMENT_FT": "ANALYSIS",
			"LIBELLE_FT_TITAN": "IQF - VALID - INTERNET – FONCTIONNE MAL",
			"METIER_POUR_ACTION": "DSEE - MC2E",
			"NOM_LANCEMENT": "TEST 1",
			"TAGS": []
		}, {
			"DESIGNATION_PIECE": " - DV6FD",
			"ID": 29940,
			"IDENTIFIANT_FT_ALTIS": 7755963,
			"IDENTIFIANT_ISSUE": null,
			"ID_ISSUE": null,
			"ID_LANCEMENT_TITAN": 41,
			"INSTANCE_DECISION_FT": "Instance Test Titan",
			"LIBELLE_ETAT_AVANCEMENT_FT": "ANALYSIS",
			"LIBELLE_FT_TITAN": "IQF - VALID - GROUPE MOTOPROPULSEUR GMP – MOTEUR: CLAQUEMENT",
			"METIER_POUR_ACTION": "IACT - MOT",
			"NOM_LANCEMENT": "TEST 1",
			"TAGS": []
		}, {
			"DESIGNATION_PIECE": null,
			"ID": 29942,
			"IDENTIFIANT_FT_ALTIS": 7755966,
			"IDENTIFIANT_ISSUE": null,
			"ID_ISSUE": null,
			"ID_LANCEMENT_TITAN": 41,
			"INSTANCE_DECISION_FT": "Instance Test Titan",
			"LIBELLE_ETAT_AVANCEMENT_FT": "ANALYSIS",
			"LIBELLE_FT_TITAN": "IQF - VALID - HABITACLE – NIVEAU D'ACOUSTIQUE GLOBAL",
			"METIER_POUR_ACTION": "DCHM - SCEG",
			"NOM_LANCEMENT": "TEST 1",
			"TAGS": []
		}, {
			"DESIGNATION_PIECE": " - NIV 3 P8X",
			"ID": 29944,
			"IDENTIFIANT_FT_ALTIS": 7755895,
			"IDENTIFIANT_ISSUE": null,
			"ID_ISSUE": null,
			"ID_LANCEMENT_TITAN": 41,
			"INSTANCE_DECISION_FT": " QF X81 Chine",
			"LIBELLE_ETAT_AVANCEMENT_FT": "ANALYSIS",
			"LIBELLE_FT_TITAN": "IQF - VALID - SIEGE AV – CLAQUEMENT,CRAQUEMENT,CLOC (CARR)",
			"METIER_POUR_ACTION": "DCHM - SPCS",
			"NOM_LANCEMENT": "TEST 1",
			"TAGS": []
		}, {
			"DESIGNATION_PIECE": " - BV BE",
			"ID": 29946,
			"IDENTIFIANT_FT_ALTIS": 7755801,
			"IDENTIFIANT_ISSUE": null,
			"ID_ISSUE": null,
			"ID_LANCEMENT_TITAN": 41,
			"INSTANCE_DECISION_FT": "Instance Test Titan",
			"LIBELLE_ETAT_AVANCEMENT_FT": "ANALYSIS",
			"LIBELLE_FT_TITAN": "IQF - VALID - BOITE VITESSES MANUELLE BVM – DURETE AU PASSAGE DE VITESSE",
			"METIER_POUR_ACTION": "IACT - BV",
			"NOM_LANCEMENT": "TEST 1",
			"TAGS": []
		}, {
			"DESIGNATION_PIECE": " - BV ML6C",
			"ID": 29948,
			"IDENTIFIANT_FT_ALTIS": 7755969,
			"IDENTIFIANT_ISSUE": null,
			"ID_ISSUE": null,
			"ID_LANCEMENT_TITAN": 41,
			"INSTANCE_DECISION_FT": "Instance Test Titan",
			"LIBELLE_ETAT_AVANCEMENT_FT": "ANALYSIS",
			"LIBELLE_FT_TITAN": "IQF - VALID - FONCTION MARCHE AR – DURETE AU PASSAGE DE VITESSE",
			"METIER_POUR_ACTION": "IACT - BV",
			"NOM_LANCEMENT": "TEST 1",
			"TAGS": []
		}, {
			"DESIGNATION_PIECE": " - NIV CUIR P8X",
			"ID": 29950,
			"IDENTIFIANT_FT_ALTIS": 7755972,
			"IDENTIFIANT_ISSUE": null,
			"ID_ISSUE": null,
			"ID_LANCEMENT_TITAN": 41,
			"INSTANCE_DECISION_FT": "Instance Test Titan",
			"LIBELLE_ETAT_AVANCEMENT_FT": "ANALYSIS",
			"LIBELLE_FT_TITAN": "IQF - VALID - SIEGE AV – CLAQUEMENT,CRAQUEMENT,CLOC (CARR)",
			"METIER_POUR_ACTION": "DCHM - SPCS",
			"NOM_LANCEMENT": "TEST 1",
			"TAGS": []
		}, {
			"DESIGNATION_PIECE": null,
			"ID": 29952,
			"IDENTIFIANT_FT_ALTIS": 7755975,
			"IDENTIFIANT_ISSUE": null,
			"ID_ISSUE": null,
			"ID_LANCEMENT_TITAN": 41,
			"INSTANCE_DECISION_FT": "Instance Test Titan",
			"LIBELLE_ETAT_AVANCEMENT_FT": "ANALYSIS",
			"LIBELLE_FT_TITAN": "IQF - VALID - MIRROR LINK – FONCTIONNE MAL",
			"METIER_POUR_ACTION": "DCHM - QPFG",
			"NOM_LANCEMENT": "TEST 1",
			"TAGS": []
		}, {
			"DESIGNATION_PIECE": null,
			"ID": 29954,
			"IDENTIFIANT_FT_ALTIS": 7755815,
			"IDENTIFIANT_ISSUE": null,
			"ID_ISSUE": null,
			"ID_LANCEMENT_TITAN": 41,
			"INSTANCE_DECISION_FT": "Instance Test Titan",
			"LIBELLE_ETAT_AVANCEMENT_FT": "ANALYSIS",
			"LIBELLE_FT_TITAN": "IQF - VALID - SYSTEME KML ET TELEPHONE – FONCTIONNE PAS",
			"METIER_POUR_ACTION": "DSEE - MC2E",
			"NOM_LANCEMENT": "TEST 1",
			"TAGS": []
		}, {
			"DESIGNATION_PIECE": null,
			"ID": 29956,
			"IDENTIFIANT_FT_ALTIS": 7755978,
			"IDENTIFIANT_ISSUE": null,
			"ID_ISSUE": null,
			"ID_LANCEMENT_TITAN": 41,
			"INSTANCE_DECISION_FT": "Instance Test Titan",
			"LIBELLE_ETAT_AVANCEMENT_FT": "ANALYSIS",
			"LIBELLE_FT_TITAN": "IQF - VALID - INTERNET – FONCTIONNE MAL",
			"METIER_POUR_ACTION": "DSEE - MC2E",
			"NOM_LANCEMENT": "TEST 1",
			"TAGS": []
		}, {
			"DESIGNATION_PIECE": " - DV6FC TBC",
			"ID": 29958,
			"IDENTIFIANT_FT_ALTIS": 7755981,
			"IDENTIFIANT_ISSUE": null,
			"ID_ISSUE": null,
			"ID_LANCEMENT_TITAN": 41,
			"INSTANCE_DECISION_FT": "Instance Test Titan",
			"LIBELLE_ETAT_AVANCEMENT_FT": "ANALYSIS",
			"LIBELLE_FT_TITAN": "IQF - VALID - GROUPE MOTOPROPULSEUR GMP – MOTEUR: CLAQUEMENT",
			"METIER_POUR_ACTION": "IACT - MOT",
			"NOM_LANCEMENT": "TEST 1",
			"TAGS": []
		}, {
			"DESIGNATION_PIECE": " - BV AT6 III",
			"ID": 29960,
			"IDENTIFIANT_FT_ALTIS": 7755901,
			"IDENTIFIANT_ISSUE": null,
			"ID_ISSUE": null,
			"ID_LANCEMENT_TITAN": 41,
			"INSTANCE_DECISION_FT": " QF X81 Chine",
			"LIBELLE_ETAT_AVANCEMENT_FT": "ANALYSIS",
			"LIBELLE_FT_TITAN": "IQF - VALID - FONCTION MARCHE AR – DURETE AU PASSAGE DE VITESSE",
			"METIER_POUR_ACTION": "IACT - BV",
			"NOM_LANCEMENT": "TEST 1",
			"TAGS": []
		}, {
			"DESIGNATION_PIECE": null,
			"ID": 29962,
			"IDENTIFIANT_FT_ALTIS": 7755984,
			"IDENTIFIANT_ISSUE": null,
			"ID_ISSUE": null,
			"ID_LANCEMENT_TITAN": 41,
			"INSTANCE_DECISION_FT": "Instance Test Titan",
			"LIBELLE_ETAT_AVANCEMENT_FT": "ANALYSIS",
			"LIBELLE_FT_TITAN": "IQF - VALID - HABITACLE – NIVEAU D'ACOUSTIQUE GLOBAL",
			"METIER_POUR_ACTION": "DCHM - SCEG",
			"NOM_LANCEMENT": "TEST 1",
			"TAGS": []
		}, {
			"DESIGNATION_PIECE": " - BV BE",
			"ID": 29964,
			"IDENTIFIANT_FT_ALTIS": 7755987,
			"IDENTIFIANT_ISSUE": null,
			"ID_ISSUE": null,
			"ID_LANCEMENT_TITAN": 41,
			"INSTANCE_DECISION_FT": "Instance Test Titan",
			"LIBELLE_ETAT_AVANCEMENT_FT": "ANALYSIS",
			"LIBELLE_FT_TITAN": "IQF - VALID - BOITE VITESSES MANUELLE BVM – DURETE AU PASSAGE DE VITESSE",
			"METIER_POUR_ACTION": "IACT - BV",
			"NOM_LANCEMENT": "TEST 1",
			"TAGS": []
		}, {
			"DESIGNATION_PIECE": null,
			"ID": 29970,
			"IDENTIFIANT_FT_ALTIS": 7755996,
			"IDENTIFIANT_ISSUE": null,
			"ID_ISSUE": null,
			"ID_LANCEMENT_TITAN": 41,
			"INSTANCE_DECISION_FT": "Instance Test Titan",
			"LIBELLE_ETAT_AVANCEMENT_FT": "ANALYSIS",
			"LIBELLE_FT_TITAN": "IQF VALID - COUVERCLE VIDE POCHES PLANCHE BORD – CLAQUEMENT,CRAQUEMENT,CLOC (CARR)",
			"METIER_POUR_ACTION": "DCHM - SPCS",
			"NOM_LANCEMENT": "TEST 1",
			"TAGS": []
		}, {
			"DESIGNATION_PIECE": null,
			"ID": 29972,
			"IDENTIFIANT_FT_ALTIS": 7755999,
			"IDENTIFIANT_ISSUE": null,
			"ID_ISSUE": null,
			"ID_LANCEMENT_TITAN": 41,
			"INSTANCE_DECISION_FT": "Instance Test Titan",
			"LIBELLE_ETAT_AVANCEMENT_FT": "ANALYSIS",
			"LIBELLE_FT_TITAN": "IQF VALID - COMBINE PLANCHE BORD – GRESILLEMENT",
			"METIER_POUR_ACTION": "DSEE - MCSI",
			"NOM_LANCEMENT": "TEST 1",
			"TAGS": []
		}, {
			"DESIGNATION_PIECE": null,
			"ID": 29974,
			"IDENTIFIANT_FT_ALTIS": 7756002,
			"IDENTIFIANT_ISSUE": null,
			"ID_ISSUE": null,
			"ID_LANCEMENT_TITAN": 41,
			"INSTANCE_DECISION_FT": "Instance Test Titan",
			"LIBELLE_ETAT_AVANCEMENT_FT": "ANALYSIS",
			"LIBELLE_FT_TITAN": "IQF VALID - TABLETTE AR ET BUTEE TABLETTE AR – TALONNE OU TOUCHE",
			"METIER_POUR_ACTION": "DCHM - SCEG",
			"NOM_LANCEMENT": "TEST 1",
			"TAGS": []
		}, {
			"DESIGNATION_PIECE": null,
			"ID": 29976,
			"IDENTIFIANT_FT_ALTIS": 7756005,
			"IDENTIFIANT_ISSUE": null,
			"ID_ISSUE": null,
			"ID_LANCEMENT_TITAN": 41,
			"INSTANCE_DECISION_FT": "Instance Test Titan",
			"LIBELLE_ETAT_AVANCEMENT_FT": "ANALYSIS",
			"LIBELLE_FT_TITAN": "IQF VALID - SYSTEME KML ET TELEPHONE – FONCTIONNE PAS",
			"METIER_POUR_ACTION": "DSEE - MC2E",
			"NOM_LANCEMENT": "TEST 1",
			"TAGS": []
		}, {
			"DESIGNATION_PIECE": null,
			"ID": 29978,
			"IDENTIFIANT_FT_ALTIS": 7756008,
			"IDENTIFIANT_ISSUE": null,
			"ID_ISSUE": null,
			"ID_LANCEMENT_TITAN": 41,
			"INSTANCE_DECISION_FT": "Instance Test Titan",
			"LIBELLE_ETAT_AVANCEMENT_FT": "ANALYSIS",
			"LIBELLE_FT_TITAN": "IQF VALID - VIDE POCHES ACCOUDOIR CONSOLE – GRINCEMENT,CRISSEMENT,COUINEMENT (CARR)",
			"METIER_POUR_ACTION": "DCHM - SPCS",
			"NOM_LANCEMENT": "TEST 1",
			"TAGS": []
		}, {
			"DESIGNATION_PIECE": " - TOP P84",
			"ID": 29980,
			"IDENTIFIANT_FT_ALTIS": 7756011,
			"IDENTIFIANT_ISSUE": null,
			"ID_ISSUE": null,
			"ID_LANCEMENT_TITAN": 41,
			"INSTANCE_DECISION_FT": "Instance Test Titan",
			"LIBELLE_ETAT_AVANCEMENT_FT": "ANALYSIS",
			"LIBELLE_FT_TITAN": "IQF VALID - GARNITURE PAVILLON – CLAQUEMENT,CRAQUEMENT,CLOC (CARR)",
			"METIER_POUR_ACTION": "DCHM - SCEG",
			"NOM_LANCEMENT": "TEST 1",
			"TAGS": []
		}, {
			"DESIGNATION_PIECE": " - ET G - AV",
			"ID": 29982,
			"IDENTIFIANT_FT_ALTIS": 7756014,
			"IDENTIFIANT_ISSUE": null,
			"ID_ISSUE": null,
			"ID_LANCEMENT_TITAN": 41,
			"INSTANCE_DECISION_FT": "Instance Test Titan",
			"LIBELLE_ETAT_AVANCEMENT_FT": "ANALYSIS",
			"LIBELLE_FT_TITAN": "IQF VALID - RENVOI CACHE ET REGLAGE CEINTURE SECURITE AV – GRESILLEMENT",
			"METIER_POUR_ACTION": "DCHM - SCEG",
			"NOM_LANCEMENT": "TEST 1",
			"TAGS": []
		}, {
			"DESIGNATION_PIECE": null,
			"ID": 29984,
			"IDENTIFIANT_FT_ALTIS": 7756017,
			"IDENTIFIANT_ISSUE": null,
			"ID_ISSUE": null,
			"ID_LANCEMENT_TITAN": 41,
			"INSTANCE_DECISION_FT": "Instance Test Titan",
			"LIBELLE_ETAT_AVANCEMENT_FT": "SOLUTION IN PROGRESS",
			"LIBELLE_FT_TITAN": "IQF VALID - COMBINE PLANCHE BORD – GRESILLEMENT",
			"METIER_POUR_ACTION": "DSEE - MCSI",
			"NOM_LANCEMENT": "TEST 1",
			"TAGS": []
		}, {
			"DESIGNATION_PIECE": null,
			"ID": 29986,
			"IDENTIFIANT_FT_ALTIS": 7756020,
			"IDENTIFIANT_ISSUE": null,
			"ID_ISSUE": null,
			"ID_LANCEMENT_TITAN": 41,
			"INSTANCE_DECISION_FT": "Instance Test Titan",
			"LIBELLE_ETAT_AVANCEMENT_FT": "ANALYSIS",
			"LIBELLE_FT_TITAN": "IQF VALID - TABLETTE AR ET BUTEE TABLETTE AR – TALONNE OU TOUCHE",
			"METIER_POUR_ACTION": "DCHM - SCEG",
			"NOM_LANCEMENT": "TEST 1",
			"TAGS": []
		}, {
			"DESIGNATION_PIECE": null,
			"ID": 29988,
			"IDENTIFIANT_FT_ALTIS": 7756023,
			"IDENTIFIANT_ISSUE": null,
			"ID_ISSUE": null,
			"ID_LANCEMENT_TITAN": 41,
			"INSTANCE_DECISION_FT": "Instance Test Titan",
			"LIBELLE_ETAT_AVANCEMENT_FT": "ANALYSIS",
			"LIBELLE_FT_TITAN": "IQF VALID - SYSTEME KML ET TELEPHONE – FONCTIONNE PAS",
			"METIER_POUR_ACTION": "DSEE - MC2E",
			"NOM_LANCEMENT": "TEST 1",
			"TAGS": []
		}, {
			"DESIGNATION_PIECE": " - DV6FC",
			"ID": 32140,
			"IDENTIFIANT_FT_ALTIS": 7611438,
			"IDENTIFIANT_ISSUE": null,
			"ID_ISSUE": null,
			"ID_LANCEMENT_TITAN": 121,
			"INSTANCE_DECISION_FT": "Qualité convergence P1UO",
			"LIBELLE_ETAT_AVANCEMENT_FT": "CLOSED TECHNICAL EVENT",
			"LIBELLE_FT_TITAN": null,
			"METIER_POUR_ACTION": "IACT - MOT",
			"NOM_LANCEMENT": "TEST 2",
			"TAGS": []
		}, {
			"DESIGNATION_PIECE": " - TN P84",
			"ID": 32394,
			"IDENTIFIANT_FT_ALTIS": 7755990,
			"IDENTIFIANT_ISSUE": null,
			"ID_ISSUE": null,
			"ID_LANCEMENT_TITAN": 41,
			"INSTANCE_DECISION_FT": "Instance Test Titan",
			"LIBELLE_ETAT_AVANCEMENT_FT": "ANALYSIS",
			"LIBELLE_FT_TITAN": "IQF VALID - GARNITURE PAVILLON – CLAQUEMENT,CRAQUEMENT,CLOC (CARR)",
			"METIER_POUR_ACTION": "DCHM - SCEG",
			"NOM_LANCEMENT": "TEST 1",
			"TAGS": []
		}, {
			"DESIGNATION_PIECE": " - ET G - AV",
			"ID": 32396,
			"IDENTIFIANT_FT_ALTIS": 7755993,
			"IDENTIFIANT_ISSUE": null,
			"ID_ISSUE": null,
			"ID_LANCEMENT_TITAN": 41,
			"INSTANCE_DECISION_FT": "Instance Test Titan",
			"LIBELLE_ETAT_AVANCEMENT_FT": "ANALYSIS",
			"LIBELLE_FT_TITAN": "IQF VALID - RENVOI CACHE ET REGLAGE CEINTURE SECURITE AV – GRESILLEMENT",
			"METIER_POUR_ACTION": "DCHM - SCEG",
			"NOM_LANCEMENT": "TEST 1",
			"TAGS": []
		}, {
			"DESIGNATION_PIECE": " - EB2DTS TBC",
			"ID": 34154,
			"IDENTIFIANT_FT_ALTIS": 8005157,
			"IDENTIFIANT_ISSUE": null,
			"ID_ISSUE": null,
			"ID_LANCEMENT_TITAN": 41,
			"INSTANCE_DECISION_FT": "Instance Test Titan",
			"LIBELLE_ETAT_AVANCEMENT_FT": "ANALYSIS",
			"LIBELLE_FT_TITAN": "GROUPE MOTOPROPULSEUR GMP – MOTEUR: CLAQUEMENT",
			"METIER_POUR_ACTION": "IACT - MOT",
			"NOM_LANCEMENT": "TEST 1",
			"TAGS": []
		}, {
			"DESIGNATION_PIECE": " - GARNITURE",
			"ID": 34158,
			"IDENTIFIANT_FT_ALTIS": 7873593,
			"IDENTIFIANT_ISSUE": null,
			"ID_ISSUE": null,
			"ID_LANCEMENT_TITAN": 41,
			"INSTANCE_DECISION_FT": "Instance Test Titan",
			"LIBELLE_ETAT_AVANCEMENT_FT": "ANALYSIS",
			"LIBELLE_FT_TITAN": "PLANCHE BORD INF – GRESILLEMENT",
			"METIER_POUR_ACTION": "DCHM - SPCS",
			"NOM_LANCEMENT": "TEST 1",
			"TAGS": []
		}, {
			"DESIGNATION_PIECE": " - RCC",
			"ID": 34160,
			"IDENTIFIANT_FT_ALTIS": 7873599,
			"IDENTIFIANT_ISSUE": null,
			"ID_ISSUE": null,
			"ID_LANCEMENT_TITAN": 41,
			"INSTANCE_DECISION_FT": "Instance Test Titan",
			"LIBELLE_ETAT_AVANCEMENT_FT": "MONITORING",
			"LIBELLE_FT_TITAN": "NAVIGATION – FONCTIONNE MAL",
			"METIER_POUR_ACTION": "DSEE - RCC",
			"NOM_LANCEMENT": "TEST 1",
			"TAGS": []
		}, {
			"DESIGNATION_PIECE": " - AMORTISSEUR AR",
			"ID": 34198,
			"IDENTIFIANT_FT_ALTIS": 7874348,
			"IDENTIFIANT_ISSUE": null,
			"ID_ISSUE": null,
			"ID_LANCEMENT_TITAN": 41,
			"INSTANCE_DECISION_FT": "Instance Test Titan",
			"LIBELLE_ETAT_AVANCEMENT_FT": "ANALYSIS",
			"LIBELLE_FT_TITAN": "TRAIN AR – GRINCEMENT,CRISSEMENT,COUINEMENT (MECA)",
			"METIER_POUR_ACTION": "ICDV - ATRP",
			"NOM_LANCEMENT": "TEST 1",
			"TAGS": ["TEST"]
		}, {
			"DESIGNATION_PIECE": " - ET G",
			"ID": 34264,
			"IDENTIFIANT_FT_ALTIS": 7875227,
			"IDENTIFIANT_ISSUE": null,
			"ID_ISSUE": null,
			"ID_LANCEMENT_TITAN": 121,
			"INSTANCE_DECISION_FT": "Instance Test Titan",
			"LIBELLE_ETAT_AVANCEMENT_FT": "ANALYSIS",
			"LIBELLE_FT_TITAN": "FONCTION MARCHE AR – DURETE AU PASSAGE DE VITESSE",
			"METIER_POUR_ACTION": "DCHM - SCEG",
			"NOM_LANCEMENT": "TEST 2",
			"TAGS": []
		}, {
			"DESIGNATION_PIECE": " - MANUEL",
			"ID": 36070,
			"IDENTIFIANT_FT_ALTIS": 7913500,
			"IDENTIFIANT_ISSUE": null,
			"ID_ISSUE": null,
			"ID_LANCEMENT_TITAN": 41,
			"INSTANCE_DECISION_FT": "Instance Test Titan",
			"LIBELLE_ETAT_AVANCEMENT_FT": "SOLUTION IN PROGRESS",
			"LIBELLE_FT_TITAN": "VOLET HAYON COFFRE PORTE BATTANTE – CLAQUEMENT,CRAQUEMENT,CLOC (CARR)",
			"METIER_POUR_ACTION": "DAPF - BCEV",
			"NOM_LANCEMENT": "TEST 1",
			"TAGS": ["BRUIT"]
		}, {
			"DESIGNATION_PIECE": null,
			"ID": 36320,
			"IDENTIFIANT_FT_ALTIS": 7916487,
			"IDENTIFIANT_ISSUE": null,
			"ID_ISSUE": null,
			"ID_LANCEMENT_TITAN": 41,
			"INSTANCE_DECISION_FT": "Instance Test Titan",
			"LIBELLE_ETAT_AVANCEMENT_FT": "ANALYSIS",
			"LIBELLE_FT_TITAN": "GROUPE MOTOPROPULSEUR GMP – MOTEUR: CLAQUEMENT",
			"METIER_POUR_ACTION": "DAPF - ACV",
			"NOM_LANCEMENT": "TEST 1",
			"TAGS": ["NAC V6"]
		}, {
			"DESIGNATION_PIECE": " - MOTORISE",
			"ID": 36868,
			"IDENTIFIANT_FT_ALTIS": 7930703,
			"IDENTIFIANT_ISSUE": null,
			"ID_ISSUE": null,
			"ID_LANCEMENT_TITAN": 41,
			"INSTANCE_DECISION_FT": "Instance Test Titan",
			"LIBELLE_ETAT_AVANCEMENT_FT": "ANALYSIS",
			"LIBELLE_FT_TITAN": "VOLET HAYON COFFRE PORTE BATTANTE – CLAQUEMENT,CRAQUEMENT,CLOC (CARR)",
			"METIER_POUR_ACTION": "DAPF - ACV",
			"NOM_LANCEMENT": "TEST 1",
			"TAGS": ["BRUIT CARROSERIE"]
		}, {
			"DESIGNATION_PIECE": " - MOTORISE",
			"ID": 36962,
			"IDENTIFIANT_FT_ALTIS": 7995552,
			"IDENTIFIANT_ISSUE": null,
			"ID_ISSUE": null,
			"ID_LANCEMENT_TITAN": 41,
			"INSTANCE_DECISION_FT": "Instance Test Titan",
			"LIBELLE_ETAT_AVANCEMENT_FT": "ANALYSIS",
			"LIBELLE_FT_TITAN": "VOLET HAYON COFFRE PORTE BATTANTE – CLAQUEMENT,CRAQUEMENT,CLOC (CARR)",
			"METIER_POUR_ACTION": "DCHM - SOEE",
			"NOM_LANCEMENT": "TEST 1",
			"TAGS": []
		}, {
			"DESIGNATION_PIECE": " - MOTORISE",
			"ID": 37920,
			"IDENTIFIANT_FT_ALTIS": 7958026,
			"IDENTIFIANT_ISSUE": null,
			"ID_ISSUE": null,
			"ID_LANCEMENT_TITAN": 41,
			"INSTANCE_DECISION_FT": "Instance Test Titan",
			"LIBELLE_ETAT_AVANCEMENT_FT": "ANALYSIS",
			"LIBELLE_FT_TITAN": "VOLET HAYON COFFRE PORTE BATTANTE – CLAQUEMENT,CRAQUEMENT,CLOC (CARR)",
			"METIER_POUR_ACTION": "DCHM - SOEE",
			"NOM_LANCEMENT": "TEST 1",
			"TAGS": []
		}, {
			"DESIGNATION_PIECE": null,
			"ID": 37924,
			"IDENTIFIANT_FT_ALTIS": 7287218,
			"IDENTIFIANT_ISSUE": null,
			"ID_ISSUE": null,
			"ID_LANCEMENT_TITAN": 381,
			"INSTANCE_DECISION_FT": "Instance Test Titan",
			"LIBELLE_ETAT_AVANCEMENT_FT": "ANALYSIS",
			"LIBELLE_FT_TITAN": null,
			"METIER_POUR_ACTION": null,
			"NOM_LANCEMENT": "MEPNOV",
			"TAGS": []
		}, {
			"DESIGNATION_PIECE": " - EB2DTS TBC",
			"ID": 37926,
			"IDENTIFIANT_FT_ALTIS": 7958305,
			"IDENTIFIANT_ISSUE": null,
			"ID_ISSUE": null,
			"ID_LANCEMENT_TITAN": 41,
			"INSTANCE_DECISION_FT": "Instance Test Titan",
			"LIBELLE_ETAT_AVANCEMENT_FT": "ANALYSIS",
			"LIBELLE_FT_TITAN": "GROUPE MOTOPROPULSEUR GMP – MOTEUR: CLAQUEMENT",
			"METIER_POUR_ACTION": "IACT - MOT",
			"NOM_LANCEMENT": "TEST 1",
			"TAGS": ["BP", " ", " BRUIT FONC"]
		}, {
			"DESIGNATION_PIECE": " - PROJECTEUR MS HALOGENE",
			"ID": 39198,
			"IDENTIFIANT_FT_ALTIS": 8005162,
			"IDENTIFIANT_ISSUE": null,
			"ID_ISSUE": null,
			"ID_LANCEMENT_TITAN": 41,
			"INSTANCE_DECISION_FT": "Instance Test Titan",
			"LIBELLE_ETAT_AVANCEMENT_FT": "ANALYSIS",
			"LIBELLE_FT_TITAN": "2615-PROJECTEUR D – CLAQUEMENT,CRAQUEMENT,CLOC (CARR)",
			"METIER_POUR_ACTION": "DCHM - SOEE",
			"NOM_LANCEMENT": "TEST 1",
			"TAGS": []
		}, {
			"DESIGNATION_PIECE": " - CITY PARK  ADAS",
			"ID": 39518,
			"IDENTIFIANT_FT_ALTIS": 8016237,
			"IDENTIFIANT_ISSUE": null,
			"ID_ISSUE": null,
			"ID_LANCEMENT_TITAN": 41,
			"INSTANCE_DECISION_FT": "Instance Test Titan",
			"LIBELLE_ETAT_AVANCEMENT_FT": "ANALYSIS",
			"LIBELLE_FT_TITAN": "CITY PARK – FONCTIONNE PAS",
			"METIER_POUR_ACTION": "DSEE - MCSI",
			"NOM_LANCEMENT": "TEST 1",
			"TAGS": []
		}, {
			"DESIGNATION_PIECE": null,
			"ID": 41206,
			"IDENTIFIANT_FT_ALTIS": 8062848,
			"IDENTIFIANT_ISSUE": null,
			"ID_ISSUE": null,
			"ID_LANCEMENT_TITAN": 41,
			"INSTANCE_DECISION_FT": "Instance Test Titan",
			"LIBELLE_ETAT_AVANCEMENT_FT": "ANALYSIS",
			"LIBELLE_FT_TITAN": "TRAPPE CARBURANT \/ AILE ARG – MAL AJUSTE",
			"METIER_POUR_ACTION": "DCHM - SCEG",
			"NOM_LANCEMENT": "TEST 1",
			"TAGS": []
		}, {
			"DESIGNATION_PIECE": " - AV UPPER",
			"ID": 41208,
			"IDENTIFIANT_FT_ALTIS": 8062851,
			"IDENTIFIANT_ISSUE": null,
			"ID_ISSUE": null,
			"ID_LANCEMENT_TITAN": 41,
			"INSTANCE_DECISION_FT": "Instance Test Titan",
			"LIBELLE_ETAT_AVANCEMENT_FT": "ANALYSIS",
			"LIBELLE_FT_TITAN": "PARE-CHOCS \/ AILE AVD – QUEUE DE BILLARD",
			"METIER_POUR_ACTION": "DCHM - SOEE",
			"NOM_LANCEMENT": "TEST 1",
			"TAGS": []
		}, {
			"DESIGNATION_PIECE": " - NAC",
			"ID": 41328,
			"IDENTIFIANT_FT_ALTIS": 8070369,
			"IDENTIFIANT_ISSUE": null,
			"ID_ISSUE": null,
			"ID_LANCEMENT_TITAN": 41,
			"INSTANCE_DECISION_FT": "Instance Test Titan",
			"LIBELLE_ETAT_AVANCEMENT_FT": "ANALYSIS",
			"LIBELLE_FT_TITAN": "SYSTEME TELEMATIQUE – FONCTIONNE MAL",
			"METIER_POUR_ACTION": "DSEE - NAC",
			"NOM_LANCEMENT": "TEST 1",
			"TAGS": []
		}, {
			"DESIGNATION_PIECE": null,
			"ID": 42518,
			"IDENTIFIANT_FT_ALTIS": 6771490,
			"IDENTIFIANT_ISSUE": null,
			"ID_ISSUE": null,
			"ID_LANCEMENT_TITAN": 121,
			"INSTANCE_DECISION_FT": "Instance Test Titan",
			"LIBELLE_ETAT_AVANCEMENT_FT": "ANALYSIS",
			"LIBELLE_FT_TITAN": null,
			"METIER_POUR_ACTION": null,
			"NOM_LANCEMENT": "TEST 2",
			"TAGS": ["BM", " ", " BRUIT FONC"]
		}, {
			"DESIGNATION_PIECE": " - MONOGRAMME",
			"ID": 43100,
			"IDENTIFIANT_FT_ALTIS": 8132787,
			"IDENTIFIANT_ISSUE": null,
			"ID_ISSUE": null,
			"ID_LANCEMENT_TITAN": 41,
			"INSTANCE_DECISION_FT": "Instance Test Titan",
			"LIBELLE_ETAT_AVANCEMENT_FT": "ANALYSIS",
			"LIBELLE_FT_TITAN": "Valid IQF - EMBLEME MARQUE AV – MAL FIXE, TIENT MAL",
			"METIER_POUR_ACTION": "DCHM - SOEE",
			"NOM_LANCEMENT": "TEST 1",
			"TAGS": []
		}, {
			"DESIGNATION_PIECE": " - MONOGRAMME",
			"ID": 43740,
			"IDENTIFIANT_FT_ALTIS": 8142622,
			"IDENTIFIANT_ISSUE": null,
			"ID_ISSUE": null,
			"ID_LANCEMENT_TITAN": 121,
			"INSTANCE_DECISION_FT": "Instance Test Titan",
			"LIBELLE_ETAT_AVANCEMENT_FT": "ANALYSIS",
			"LIBELLE_FT_TITAN": "EMBLEME MARQUE AV – MAL FIXE, TIENT MAL",
			"METIER_POUR_ACTION": "DCHM - SOEE",
			"NOM_LANCEMENT": "TEST 2",
			"TAGS": []
		}, {
			"DESIGNATION_PIECE": " - MONOGRAMME",
			"ID": 47152,
			"IDENTIFIANT_FT_ALTIS": 8190456,
			"IDENTIFIANT_ISSUE": null,
			"ID_ISSUE": null,
			"ID_LANCEMENT_TITAN": 41,
			"INSTANCE_DECISION_FT": "Instance Test Titan",
			"LIBELLE_ETAT_AVANCEMENT_FT": "ANALYSIS",
			"LIBELLE_FT_TITAN": "PANNEAU COTE D – ECAILLAGE",
			"METIER_POUR_ACTION": "DCHM - SOEE",
			"NOM_LANCEMENT": "TEST 1",
			"TAGS": []
		}, {
			"DESIGNATION_PIECE": null,
			"ID": 51192,
			"IDENTIFIANT_FT_ALTIS": 6771476,
			"IDENTIFIANT_ISSUE": null,
			"ID_ISSUE": null,
			"ID_LANCEMENT_TITAN": 381,
			"INSTANCE_DECISION_FT": "Instance Test Titan",
			"LIBELLE_ETAT_AVANCEMENT_FT": "ANALYSIS",
			"LIBELLE_FT_TITAN": null,
			"METIER_POUR_ACTION": null,
			"NOM_LANCEMENT": "MEPNOV",
			"TAGS": ["BRUIT FONC"]
		}, {
			"DESIGNATION_PIECE": null,
			"ID": 51194,
			"IDENTIFIANT_FT_ALTIS": 8291736,
			"IDENTIFIANT_ISSUE": null,
			"ID_ISSUE": null,
			"ID_LANCEMENT_TITAN": 41,
			"INSTANCE_DECISION_FT": "Instance Test Titan",
			"LIBELLE_ETAT_AVANCEMENT_FT": "ANALYSIS",
			"LIBELLE_FT_TITAN": "PRISE USB – FONCTIONNE MAL",
			"METIER_POUR_ACTION": "DSEE - MC2E",
			"NOM_LANCEMENT": "TEST 1",
			"TAGS": []
		}, {
			"DESIGNATION_PIECE": null,
			"ID": 51230,
			"IDENTIFIANT_FT_ALTIS": 8291739,
			"IDENTIFIANT_ISSUE": null,
			"ID_ISSUE": null,
			"ID_LANCEMENT_TITAN": 41,
			"INSTANCE_DECISION_FT": "Instance Test Titan",
			"LIBELLE_ETAT_AVANCEMENT_FT": "ANALYSIS",
			"LIBELLE_FT_TITAN": "TAPIS PLANCHER AR – DEFORMATIONS, ONDULATIONS, CREUX",
			"METIER_POUR_ACTION": "DCHM - SCEG",
			"NOM_LANCEMENT": "TEST 1",
			"TAGS": []
		}, {
			"DESIGNATION_PIECE": null,
			"ID": 53172,
			"IDENTIFIANT_FT_ALTIS": 6774743,
			"IDENTIFIANT_ISSUE": null,
			"ID_ISSUE": null,
			"ID_LANCEMENT_TITAN": 121,
			"INSTANCE_DECISION_FT": "Instance Test Titan",
			"LIBELLE_ETAT_AVANCEMENT_FT": "ANALYSIS",
			"LIBELLE_FT_TITAN": null,
			"METIER_POUR_ACTION": null,
			"NOM_LANCEMENT": "TEST 2",
			"TAGS": ["BM"]
		}, {
			"DESIGNATION_PIECE": " - AR 2\/3 NIV 3 P84",
			"ID": 54322,
			"IDENTIFIANT_FT_ALTIS": 8363294,
			"IDENTIFIANT_ISSUE": null,
			"ID_ISSUE": null,
			"ID_LANCEMENT_TITAN": 121,
			"INSTANCE_DECISION_FT": "Instance Test Titan",
			"LIBELLE_ETAT_AVANCEMENT_FT": "ANALYSIS",
			"LIBELLE_FT_TITAN": "APPUI TETE SIEGE AR GARNI – GRESILLEMENT",
			"METIER_POUR_ACTION": "DCHM - SPCS",
			"NOM_LANCEMENT": "TEST 2",
			"TAGS": []
		}, {
			"DESIGNATION_PIECE": " - DV6FC",
			"ID": 55818,
			"IDENTIFIANT_FT_ALTIS": 8390145,
			"IDENTIFIANT_ISSUE": null,
			"ID_ISSUE": null,
			"ID_LANCEMENT_TITAN": 41,
			"INSTANCE_DECISION_FT": "Instance Test Titan",
			"LIBELLE_ETAT_AVANCEMENT_FT": "ANALYSIS",
			"LIBELLE_FT_TITAN": "GROUPE MOTOPROPULSEUR GMP – MOTEUR: CLAQUEMENT",
			"METIER_POUR_ACTION": "IACT - MOT",
			"NOM_LANCEMENT": "TEST 1",
			"TAGS": []
		}, {
			"DESIGNATION_PIECE": null,
			"ID": 55872,
			"IDENTIFIANT_FT_ALTIS": 8390162,
			"IDENTIFIANT_ISSUE": null,
			"ID_ISSUE": null,
			"ID_LANCEMENT_TITAN": 41,
			"INSTANCE_DECISION_FT": "Tests Techniques DSIN",
			"LIBELLE_ETAT_AVANCEMENT_FT": "OPENING",
			"LIBELLE_FT_TITAN": null,
			"METIER_POUR_ACTION": null,
			"NOM_LANCEMENT": "TEST 1",
			"TAGS": []
		}, {
			"DESIGNATION_PIECE": " - MOTORISE",
			"ID": 62064,
			"IDENTIFIANT_FT_ALTIS": 8503901,
			"IDENTIFIANT_ISSUE": null,
			"ID_ISSUE": null,
			"ID_LANCEMENT_TITAN": 41,
			"INSTANCE_DECISION_FT": "Instance Test Titan",
			"LIBELLE_ETAT_AVANCEMENT_FT": "ANALYSIS",
			"LIBELLE_FT_TITAN": "PORTE BATTANTE ARG – DUR A FERMER, A VERROUILLER",
			"METIER_POUR_ACTION": "DCHM - SOEE",
			"NOM_LANCEMENT": "TEST 1",
			"TAGS": []
		}, {
			"DESIGNATION_PIECE": " - TEP",
			"ID": 63898,
			"IDENTIFIANT_FT_ALTIS": 8546081,
			"IDENTIFIANT_ISSUE": null,
			"ID_ISSUE": null,
			"ID_LANCEMENT_TITAN": 41,
			"INSTANCE_DECISION_FT": "Instance Test Titan",
			"LIBELLE_ETAT_AVANCEMENT_FT": "ANALYSIS",
			"LIBELLE_FT_TITAN": "ACCOUDOIR SIEGE G GARNI – GRINCEMENT,CRISSEMENT,COUINEMENT (CARR)",
			"METIER_POUR_ACTION": "DCHM - SPCS",
			"NOM_LANCEMENT": "TEST 1",
			"TAGS": []
		}, {
			"DESIGNATION_PIECE": " - ET G",
			"ID": 67798,
			"IDENTIFIANT_FT_ALTIS": 8584780,
			"IDENTIFIANT_ISSUE": null,
			"ID_ISSUE": null,
			"ID_LANCEMENT_TITAN": 41,
			"INSTANCE_DECISION_FT": "Instance Test Titan",
			"LIBELLE_ETAT_AVANCEMENT_FT": "ANALYSIS",
			"LIBELLE_FT_TITAN": "GARNITURE MONTANT G BAIE PARE-BRISE – DEFORMATIONS, ONDULATIONS, CREUX",
			"METIER_POUR_ACTION": "DCHM - SCEG",
			"NOM_LANCEMENT": "TEST 1",
			"TAGS": []
		}, {
			"DESIGNATION_PIECE": null,
			"ID": 67918,
			"IDENTIFIANT_FT_ALTIS": 8587021,
			"IDENTIFIANT_ISSUE": null,
			"ID_ISSUE": null,
			"ID_LANCEMENT_TITAN": 41,
			"INSTANCE_DECISION_FT": "Instance Test Titan",
			"LIBELLE_ETAT_AVANCEMENT_FT": "ANALYSIS",
			"LIBELLE_FT_TITAN": "OBTURATEUR HABITACLE – MANQUE",
			"METIER_POUR_ACTION": "DCHM - SCEG",
			"NOM_LANCEMENT": "TEST 1",
			"TAGS": []
		}, {
			"DESIGNATION_PIECE": null,
			"ID": 67932,
			"IDENTIFIANT_FT_ALTIS": 8587012,
			"IDENTIFIANT_ISSUE": null,
			"ID_ISSUE": null,
			"ID_LANCEMENT_TITAN": 41,
			"INSTANCE_DECISION_FT": "Instance Test Titan",
			"LIBELLE_ETAT_AVANCEMENT_FT": "OPENING",
			"LIBELLE_FT_TITAN": null,
			"METIER_POUR_ACTION": null,
			"NOM_LANCEMENT": "TEST 1",
			"TAGS": []
		}, {
			"DESIGNATION_PIECE": " - ET G",
			"ID": 67940,
			"IDENTIFIANT_FT_ALTIS": 8587045,
			"IDENTIFIANT_ISSUE": null,
			"ID_ISSUE": null,
			"ID_LANCEMENT_TITAN": 41,
			"INSTANCE_DECISION_FT": "Instance Test Titan",
			"LIBELLE_ETAT_AVANCEMENT_FT": "ANALYSIS",
			"LIBELLE_FT_TITAN": "COULISSE VITRE PORTE AVG – PLAQUE PAS",
			"METIER_POUR_ACTION": "DCHM - SOEE",
			"NOM_LANCEMENT": "TEST 1",
			"TAGS": []
		}, {
			"DESIGNATION_PIECE": " - DV6FC",
			"ID": 67942,
			"IDENTIFIANT_FT_ALTIS": 8587112,
			"IDENTIFIANT_ISSUE": null,
			"ID_ISSUE": null,
			"ID_LANCEMENT_TITAN": 41,
			"INSTANCE_DECISION_FT": "Instance Test Titan",
			"LIBELLE_ETAT_AVANCEMENT_FT": "OPENING",
			"LIBELLE_FT_TITAN": "DV6FC- bruit",
			"METIER_POUR_ACTION": "IACT - MOT",
			"NOM_LANCEMENT": "TEST 1",
			"TAGS": []
		}, {
			"DESIGNATION_PIECE": " - D ET G",
			"ID": 67946,
			"IDENTIFIANT_FT_ALTIS": 8587129,
			"IDENTIFIANT_ISSUE": null,
			"ID_ISSUE": null,
			"ID_LANCEMENT_TITAN": 41,
			"INSTANCE_DECISION_FT": "Instance Test Titan",
			"LIBELLE_ETAT_AVANCEMENT_FT": "OPENING",
			"LIBELLE_FT_TITAN": null,
			"METIER_POUR_ACTION": "DCHM - SCEG",
			"NOM_LANCEMENT": "TEST 1",
			"TAGS": []
		}, {
			"DESIGNATION_PIECE": " - GAUCHE",
			"ID": 67948,
			"IDENTIFIANT_FT_ALTIS": 8587168,
			"IDENTIFIANT_ISSUE": null,
			"ID_ISSUE": null,
			"ID_LANCEMENT_TITAN": 41,
			"INSTANCE_DECISION_FT": "Instance Test Titan",
			"LIBELLE_ETAT_AVANCEMENT_FT": "ANALYSIS",
			"LIBELLE_FT_TITAN": "PORTE AVG – TALONNE OU TOUCHE",
			"METIER_POUR_ACTION": "DCHM - SOEE",
			"NOM_LANCEMENT": "TEST 1",
			"TAGS": []
		}, {
			"DESIGNATION_PIECE": " - CUIR",
			"ID": 67960,
			"IDENTIFIANT_FT_ALTIS": 8587213,
			"IDENTIFIANT_ISSUE": null,
			"ID_ISSUE": null,
			"ID_LANCEMENT_TITAN": 41,
			"INSTANCE_DECISION_FT": "Instance Test Titan",
			"LIBELLE_ETAT_AVANCEMENT_FT": "ANALYSIS",
			"LIBELLE_FT_TITAN": "VOLANT DIRECTION – VIBRATION",
			"METIER_POUR_ACTION": "DCHM - SPCS",
			"NOM_LANCEMENT": "TEST 1",
			"TAGS": []
		}, {
			"DESIGNATION_PIECE": " - UPPER GT",
			"ID": 67962,
			"IDENTIFIANT_FT_ALTIS": 8587300,
			"IDENTIFIANT_ISSUE": null,
			"ID_ISSUE": null,
			"ID_LANCEMENT_TITAN": 181,
			"INSTANCE_DECISION_FT": " QF X81 Chine",
			"LIBELLE_ETAT_AVANCEMENT_FT": "ANALYSIS",
			"LIBELLE_FT_TITAN": "VOLANT DIRECTION – GRINCEMENT,CRISSEMENT,COUINEMENT (CARR)",
			"METIER_POUR_ACTION": "DCHM - SPCS",
			"NOM_LANCEMENT": "TEST 3",
			"TAGS": []
		}, {
			"DESIGNATION_PIECE": " - UPPER GT",
			"ID": 67980,
			"IDENTIFIANT_FT_ALTIS": 8587300,
			"IDENTIFIANT_ISSUE": null,
			"ID_ISSUE": null,
			"ID_LANCEMENT_TITAN": 41,
			"INSTANCE_DECISION_FT": " QF X81 Chine",
			"LIBELLE_ETAT_AVANCEMENT_FT": "ANALYSIS",
			"LIBELLE_FT_TITAN": "VOLANT DIRECTION – GRINCEMENT,CRISSEMENT,COUINEMENT (CARR)",
			"METIER_POUR_ACTION": "DCHM - SPCS",
			"NOM_LANCEMENT": "TEST 1",
			"TAGS": []
		}, {
			"DESIGNATION_PIECE": " - EB2DTS TBC",
			"ID": 72778,
			"IDENTIFIANT_FT_ALTIS": 8636535,
			"IDENTIFIANT_ISSUE": null,
			"ID_ISSUE": null,
			"ID_LANCEMENT_TITAN": 41,
			"INSTANCE_DECISION_FT": "Instance Test Titan",
			"LIBELLE_ETAT_AVANCEMENT_FT": "ANALYSIS",
			"LIBELLE_FT_TITAN": "GROUPE MOTOPROPULSEUR GMP – MOTEUR: CLAQUEMENT",
			"METIER_POUR_ACTION": "IACT - MOT",
			"NOM_LANCEMENT": "TEST 1",
			"TAGS": []
		}, {
			"DESIGNATION_PIECE": " - ET G",
			"ID": 73212,
			"IDENTIFIANT_FT_ALTIS": 8641756,
			"IDENTIFIANT_ISSUE": null,
			"ID_ISSUE": null,
			"ID_LANCEMENT_TITAN": 41,
			"INSTANCE_DECISION_FT": "Instance Test Titan",
			"LIBELLE_ETAT_AVANCEMENT_FT": "ANALYSIS",
			"LIBELLE_FT_TITAN": "ROUE AVD – RAYURE",
			"METIER_POUR_ACTION": "DAPF - BCEV",
			"NOM_LANCEMENT": "TEST 1",
			"TAGS": []
		}, {
			"DESIGNATION_PIECE": null,
			"ID": 73332,
			"IDENTIFIANT_FT_ALTIS": 0,
			"IDENTIFIANT_ISSUE": "ISS-0015633",
			"ID_ISSUE": "4704.51127.58113.31129",
			"ID_LANCEMENT_TITAN": 41,
			"INSTANCE_DECISION_FT": "Instance Test Titan",
			"LIBELLE_ETAT_AVANCEMENT_FT": "ANALYSIS",
			"LIBELLE_FT_TITAN": "VOLET AR – RAYURE",
			"METIER_POUR_ACTION": "DSEE - MC2E",
			"NOM_LANCEMENT": "TEST 1",
			"TAGS": []
		}, {
			"DESIGNATION_PIECE": " - MANUEL",
			"ID": 73580,
			"IDENTIFIANT_FT_ALTIS": 8648077,
			"IDENTIFIANT_ISSUE": null,
			"ID_ISSUE": null,
			"ID_LANCEMENT_TITAN": 41,
			"INSTANCE_DECISION_FT": "Instance Test Titan",
			"LIBELLE_ETAT_AVANCEMENT_FT": "ANALYSIS",
			"LIBELLE_FT_TITAN": "VOLET AR – RAYURE",
			"METIER_POUR_ACTION": "DCHM - SOEE",
			"NOM_LANCEMENT": "TEST 1",
			"TAGS": ["TEST"]
		}, {
			"DESIGNATION_PIECE": null,
			"ID": 75506,
			"IDENTIFIANT_FT_ALTIS": 0,
			"IDENTIFIANT_ISSUE": "ISS-0001326",
			"ID_ISSUE": "4704.51127.12289.10824",
			"ID_LANCEMENT_TITAN": 41,
			"INSTANCE_DECISION_FT": "Instance Test Titan,Instance Test Titan",
			"LIBELLE_ETAT_AVANCEMENT_FT": "ANALYSIS",
			"LIBELLE_FT_TITAN": "PROTECTEUR SOUS CAISSE – DEFORME, DETERIORE (MECA,TUYAU,SOUBASS.)",
			"METIER_POUR_ACTION": "IACT - ENV",
			"NOM_LANCEMENT": "TEST 1",
			"TAGS": ["ECLAIRAGE NIV3"]
		}, {
			"DESIGNATION_PIECE": " - AV NIV 1 ET 2 P8X",
			"ID": 75510,
			"IDENTIFIANT_FT_ALTIS": 0,
			"IDENTIFIANT_ISSUE": "ISS-0001327",
			"ID_ISSUE": "4704.51127.39936.48135",
			"ID_LANCEMENT_TITAN": 41,
			"INSTANCE_DECISION_FT": "Instance Test Titan,Instance Test Titan",
			"LIBELLE_ETAT_AVANCEMENT_FT": "ANALYSIS",
			"LIBELLE_FT_TITAN": "APPUI-TETE SIEGE AVD GARNI – DUR A MANOEUVRER",
			"METIER_POUR_ACTION": "DCHM - SPCS",
			"NOM_LANCEMENT": "TEST 1",
			"TAGS": []
		}, {
			"DESIGNATION_PIECE": " - BPGA",
			"ID": 75544,
			"IDENTIFIANT_FT_ALTIS": 0,
			"IDENTIFIANT_ISSUE": "ISS-0001328",
			"ID_ISSUE": "4704.51127.43264.13965",
			"ID_LANCEMENT_TITAN": 41,
			"INSTANCE_DECISION_FT": "Instance Test Titan,Instance Test Titan",
			"LIBELLE_ETAT_AVANCEMENT_FT": "OPENING",
			"LIBELLE_FT_TITAN": "SYSTEME TELEMATIQUE FONCTIONNE MAL",
			"METIER_POUR_ACTION": "DSEE - MC2E",
			"NOM_LANCEMENT": "TEST 1",
			"TAGS": []
		}, {
			"DESIGNATION_PIECE": null,
			"ID": 75546,
			"IDENTIFIANT_FT_ALTIS": 0,
			"IDENTIFIANT_ISSUE": "ISS-0001329",
			"ID_ISSUE": "4704.51127.55040.16851",
			"ID_LANCEMENT_TITAN": 41,
			"INSTANCE_DECISION_FT": "Instance Test Titan,Instance Test Titan",
			"LIBELLE_ETAT_AVANCEMENT_FT": "ANALYSIS",
			"LIBELLE_FT_TITAN": "RACLETTE - BRAS RACLETTE ESSUIE-VITRE AV – TALONNE OU TOUCHE",
			"METIER_POUR_ACTION": "DCHM - SOEE",
			"NOM_LANCEMENT": "TEST 1",
			"TAGS": []
		}, {
			"DESIGNATION_PIECE": " - BV AT6 III",
			"ID": 75550,
			"IDENTIFIANT_FT_ALTIS": 0,
			"IDENTIFIANT_ISSUE": "ISS-0001330",
			"ID_ISSUE": "4704.51127.31232.47418",
			"ID_LANCEMENT_TITAN": 41,
			"INSTANCE_DECISION_FT": "Instance Test Titan n° 2",
			"LIBELLE_ETAT_AVANCEMENT_FT": "OPENING",
			"LIBELLE_FT_TITAN": "IQF SELECTEUR VITESSE BV6 AT6III FONCTIONNE MAL",
			"METIER_POUR_ACTION": "IACT - BV",
			"NOM_LANCEMENT": "TEST 1",
			"TAGS": []
		}, {
			"DESIGNATION_PIECE": null,
			"ID": 75552,
			"IDENTIFIANT_FT_ALTIS": 8685134,
			"IDENTIFIANT_ISSUE": null,
			"ID_ISSUE": null,
			"ID_LANCEMENT_TITAN": 41,
			"INSTANCE_DECISION_FT": "Instance Test Titan",
			"LIBELLE_ETAT_AVANCEMENT_FT": "ANALYSIS",
			"LIBELLE_FT_TITAN": "BOITIER TRAPPE CARBURANT – FONCTIONNE MAL",
			"METIER_POUR_ACTION": "DCHM - SCEG",
			"NOM_LANCEMENT": "TEST 1",
			"TAGS": []
		}, {
			"DESIGNATION_PIECE": null,
			"ID": 75558,
			"IDENTIFIANT_FT_ALTIS": 8684941,
			"IDENTIFIANT_ISSUE": null,
			"ID_ISSUE": null,
			"ID_LANCEMENT_TITAN": 41,
			"INSTANCE_DECISION_FT": "Instance Test Titan",
			"LIBELLE_ETAT_AVANCEMENT_FT": "ANALYSIS",
			"LIBELLE_FT_TITAN": "LIQUIDE REFROIDISSEMENT MOTEUR – NIVEAU NON CONFORME",
			"METIER_POUR_ACTION": "IACT - ENV",
			"NOM_LANCEMENT": "TEST 1",
			"TAGS": []
		}, {
			"DESIGNATION_PIECE": null,
			"ID": 75564,
			"IDENTIFIANT_FT_ALTIS": 8685102,
			"IDENTIFIANT_ISSUE": null,
			"ID_ISSUE": null,
			"ID_LANCEMENT_TITAN": 41,
			"INSTANCE_DECISION_FT": "Instance Test Titan",
			"LIBELLE_ETAT_AVANCEMENT_FT": "ANALYSIS",
			"LIBELLE_FT_TITAN": "CONSOLE PLAFONNIER – MAL FIXE, TIENT MAL",
			"METIER_POUR_ACTION": "DCHM - SCEG",
			"NOM_LANCEMENT": "TEST 1",
			"TAGS": []
		}, {
			"DESIGNATION_PIECE": " - DAG SS ADML SS PALETTE",
			"ID": 75566,
			"IDENTIFIANT_FT_ALTIS": 0,
			"IDENTIFIANT_ISSUE": "ISS-0001331",
			"ID_ISSUE": "4704.51127.49408.39338",
			"ID_LANCEMENT_TITAN": 41,
			"INSTANCE_DECISION_FT": "Instance Test Titan,Instance Test Titan",
			"LIBELLE_ETAT_AVANCEMENT_FT": "ANALYSIS",
			"LIBELLE_FT_TITAN": "GAINE COLONNE DIRECTION ENS – MAL FIXE, TIENT MAL",
			"METIER_POUR_ACTION": "DCHM - SPCS",
			"NOM_LANCEMENT": "TEST 1",
			"TAGS": []
		}, {
			"DESIGNATION_PIECE": null,
			"ID": 75568,
			"IDENTIFIANT_FT_ALTIS": 0,
			"IDENTIFIANT_ISSUE": "ISS-0001332",
			"ID_ISSUE": "4704.51127.55040.64826",
			"ID_LANCEMENT_TITAN": 41,
			"INSTANCE_DECISION_FT": "Instance Test Titan",
			"LIBELLE_ETAT_AVANCEMENT_FT": "ANALYSIS",
			"LIBELLE_FT_TITAN": "GICLEUR LAVE-VITRE AR – FONCTIONNE MAL",
			"METIER_POUR_ACTION": "DCHM - SOEE",
			"NOM_LANCEMENT": "TEST 1",
			"TAGS": []
		}, {
			"DESIGNATION_PIECE": null,
			"ID": 75570,
			"IDENTIFIANT_FT_ALTIS": 0,
			"IDENTIFIANT_ISSUE": "ISS-0001335",
			"ID_ISSUE": "4704.51127.2816.16588",
			"ID_LANCEMENT_TITAN": 41,
			"INSTANCE_DECISION_FT": "Instance Test Titan,Instance Test Titan",
			"LIBELLE_ETAT_AVANCEMENT_FT": "ANALYSIS",
			"LIBELLE_FT_TITAN": "VITRE VOLET AR (FIXE OU OUVRANTE) – GRINCEMENT,CRISSEMENT,COUINEMENT (CARR)",
			"METIER_POUR_ACTION": "DCHM - SOEE",
			"NOM_LANCEMENT": "TEST 1",
			"TAGS": []
		}, {
			"DESIGNATION_PIECE": " - 2\/3 NIV 3 P84",
			"ID": 75572,
			"IDENTIFIANT_FT_ALTIS": 0,
			"IDENTIFIANT_ISSUE": "ISS-0001336",
			"ID_ISSUE": "4704.51127.32256.16517",
			"ID_LANCEMENT_TITAN": 41,
			"INSTANCE_DECISION_FT": "Instance Test Titan,Instance Test Titan",
			"LIBELLE_ETAT_AVANCEMENT_FT": "ANALYSIS",
			"LIBELLE_FT_TITAN": "SIEGE ARD SUPPLEMENTAIRE ENS – JEU FONCTIONNEMENT ANORMAL",
			"METIER_POUR_ACTION": "DCHM - SPCS",
			"NOM_LANCEMENT": "TEST 1",
			"TAGS": []
		}, {
			"DESIGNATION_PIECE": null,
			"ID": 188942,
			"IDENTIFIANT_FT_ALTIS": 9187963,
			"IDENTIFIANT_ISSUE": null,
			"ID_ISSUE": null,
			"ID_LANCEMENT_TITAN": 581,
			"INSTANCE_DECISION_FT": "Instance Test Titan",
			"LIBELLE_ETAT_AVANCEMENT_FT": "ANALYSIS",
			"LIBELLE_FT_TITAN": "Welcome",
			"METIER_POUR_ACTION": "DAPF - BCEV",
			"NOM_LANCEMENT": "INTERFACE PROD",
			"TAGS": []
		}],
		"pagination": {
			"nextPage": 0,
			"pageNumber": 1,
			"pageSize": 800
		}
	}
}