[{"ID":"131","NOM":"new titan ","Roles":"Titan Admin","ModifiedOn":"10-11-2020","ModifiedBy":"Alexander - E123456","Projects":[{"ID":"3","NOM":"t1"},{"ID":"4","NOM":"t2"}]},
    {"ID":"132","NOM":"test1","Roles":"Titan Admin","ModifiedOn":"10-10-2020","ModifiedBy":"Amsha - E600844","Projects":[{"ID":"1","NOM":"valid"},{"ID":"2","NOM":"hun"}]},
    {"ID":"133","NOM":"test 2","Roles":"Titan Expert","ModifiedOn":"01-01-2021","ModifiedBy":"Alexander - E123456","Projects":[{"ID":"1","NOM":"valid"},{"ID":"2","NOM":"hun"}]},
    {"ID":"133","NOM":"test 3","Roles":"Titan Read","ModifiedOn":"10-11-2020","ModifiedBy":"Alexander - E123456","Projects":[{"ID":"1","NOM":"valid"},{"ID":"2","NOM":"hun"}]},
    {"ID":"133","NOM":"test 4","Roles":"Titan Admin","ModifiedOn":"22-08-2020","ModifiedBy":"Amsha - E600844","Projects":[{"ID":"1","NOM":"valid"},{"ID":"2","NOM":"hun"}]},
    {"ID":"133","NOM":"test 5","Roles":"Titan Read","ModifiedOn":"18-12-2021","ModifiedBy":"Alexander - E123456","Projects":[{"ID":"1","NOM":"valid"},{"ID":"2","NOM":"hun"}]},
    {"ID":"133","NOM":"test 6","Roles":"Titan Admin","ModifiedOn":"20-21-2021","ModifiedBy":"Alexander - E123456","Projects":[{"ID":"1","NOM":"valid"},{"ID":"2","NOM":"hun"}]},
    {"ID":"133","NOM":"test 7","Roles":"Titan Expert","ModifiedOn":"04-01-2021","ModifiedBy":"Alexander - E123456","Projects":[{"ID":"1","NOM":"valid"},{"ID":"2","NOM":"hun"}]}
    ]