[
    {
        "TITLE": 1,
        "LAUNCH_NAME": "Licensed Frozen ",
        "FROM": "Himanshu Rai",
        "SUBJECT": "launch creation",
        "TO":"",
        "CC":"",
        "BCC":""
        
    },
    {
     
        "TITLE": 2,
        "LAUNCH_NAME": "Frozen Hat",
        "FROM": "Johnson",
        "SUBJECT": "project creation" ,
        "TO":"",
        "CC":"",
        "BCC":"" 
    },
    {
       
        "TITLE": 3,
        "LAUNCH_NAME": "Test12",
        "FROM": "Akash",
        "SUBJECT": "report creation",
        "TO":"",
        "CC":"",
        "BCC":""
    }
]