{
  "batchDetails" : [{
    "Customer": "E-Liade",
    "RequestResponseFile": "MyFile1",
    "NumberOfRequest": 20.000,
    "SourceFormat": "SE",
    "Direction": "RE",
    "OutputFormat": "FE",
    "TranscoIncomingRequest": "2019-05-23T22:00:00.000Z",
    "TranscoRequestStatus": "Pending",
    "TranscoRequestSentToBcvMees": "2019-05-23T22:00:00.000Z",
    "TranscoRequestProcessingTimeMin": 10,
    "SourceFormatStatus": "Processing",
    "SourceFormatAnswerToOtt": "2019-05-23T22:00:00.000Z",
    "SourceFormatProcessingTimeMin": 10,
    "OttTranscoFilterStart": "2019-05-23T22:00:00.000Z",
    "OttTranscoFilterStatus": "Processed",
    "OttTranscoFilterEnd": "2019-05-23T22:00:00.000Z",
    "OttTranscoFilterProcessingTimeMin": 8,
    "OutputFormatIncomingRequest": "2019-05-23T22:00:00.000Z",
    "OutputFormatStatus": "failed",
    "OutputFormatSentToOtt": "2019-05-23T22:00:00.000Z",
    "OutputFormatProcessingTimeMin": 40,
    "TranscoIncomingAnswer": "2019-05-23T22:00:00.000Z",
    "TranscoAnswerStatus": "Pending",
    "TranscoAnswerTranslationSuccess": 9999999,
    "TranscoAnswerTranslationErrors": 1111111,
    "TranscoAnswerSentToClient": "2019-05-23T22:00:00.000Z",
    "TranscoAnswerProcessingTimeMin": 4,
    "GlobalProcessingTimeMin": 9
    },
    {
        "Customer": "COP",
        "RequestResponseFile": "MyFile2",
        "NumberOfRequest": 30.000,
        "SourceFormat": "FE",
        "Direction": "FW",
        "OutputFormat": "SE",
        "TranscoIncomingRequest": "2019-05-23T22:00:00.000Z",
        "TranscoRequestStatus": "failed",
        "TranscoRequestSentToBcvMees": "2019-05-23T22:00:00.000Z",
        "TranscoRequestProcessingTimeMin": 10,
        "SourceFormatStatus": "Processing",
        "SourceFormatAnswerToOtt": "2019-05-23T22:00:00.000Z",
        "SourceFormatProcessingTimeMin": 10,
        "OttTranscoFilterStart": "2019-05-23T22:00:00.000Z",
        "OttTranscoFilterStatus": "Processing",
        "OttTranscoFilterEnd": "2019-05-23T22:00:00.000Z",
        "OttTranscoFilterProcessingTimeMin": 3,
        "OutputFormatIncomingRequest": "2019-05-23T22:00:00.000Z",
        "OutputFormatStatus": "Processed",
        "OutputFormatSentToOtt": "2019-05-23T22:00:00.000Z",
        "OutputFormatProcessingTimeMin": 77,
        "TranscoIncomingAnswer": "2019-05-23T22:00:00.000Z",
        "TranscoAnswerStatus": "Pending",
        "TranscoAnswerTranslationSuccess": 88888,
        "TranscoAnswerTranslationErrors": 456,
        "TranscoAnswerSentToClient": "2019-05-23T22:00:00.000Z",
        "TranscoAnswerProcessingTimeMin": 9,
        "GlobalProcessingTimeMin": 12
        },
        {
            "Customer": "MARS",
            "RequestResponseFile": "MyFile3",
            "NumberOfRequest": 20.000,
            "SourceFormat": "SE",
            "Direction": "RE",
            "OutputFormat": "FE",
            "TranscoIncomingRequest": "2019-05-23T22:00:00.000Z",
            "TranscoRequestStatus": "Pending",
            "TranscoRequestSentToBcvMees": "2019-05-23T22:00:00.000Z",
            "TranscoRequestProcessingTimeMin": 10,
            "SourceFormatStatus": "Processed",
            "SourceFormatAnswerToOtt": "2019-05-23T22:00:00.000Z",
            "SourceFormatProcessingTimeMin": 10,
            "OttTranscoFilterStart": "2019-05-23T22:00:00.000Z",
            "OttTranscoFilterStatus": "Processed",
            "OttTranscoFilterEnd": "2019-05-23T22:00:00.000Z",
            "OttTranscoFilterProcessingTimeMin": 8,
            "OutputFormatIncomingRequest": "2019-05-23T22:00:00.000Z",
            "OutputFormatStatus": "failed",
            "OutputFormatSentToOtt": "2019-05-23T22:00:00.000Z",
            "OutputFormatProcessingTimeMin": 40,
            "TranscoIncomingAnswer": "2019-05-23T22:00:00.000Z",
            "TranscoAnswerStatus": "Pending",
            "TranscoAnswerTranslationSuccess": 9999999,
            "TranscoAnswerTranslationErrors": 1111111,
            "TranscoAnswerSentToClient": "2019-05-23T22:00:00.000Z",
            "TranscoAnswerProcessingTimeMin": 4,
            "GlobalProcessingTimeMin": 9
            },{
                "Customer": "E-Progr",
                "RequestResponseFile": "MyFile4",
                "NumberOfRequest": 20.000,
                "SourceFormat": "SE",
                "Direction": "RE",
                "OutputFormat": "FE",
                "TranscoIncomingRequest": "2019-05-23T22:00:00.000Z",
                "TranscoRequestStatus": "Pending",
                "TranscoRequestSentToBcvMees": "2019-05-23T22:00:00.000Z",
                "TranscoRequestProcessingTimeMin": 10,
                "SourceFormatStatus": "Processing",
                "SourceFormatAnswerToOtt": "2019-05-23T22:00:00.000Z",
                "SourceFormatProcessingTimeMin": 10,
                "OttTranscoFilterStart": "2019-05-23T22:00:00.000Z",
                "OttTranscoFilterStatus": "Processed",
                "OttTranscoFilterEnd": "2019-05-23T22:00:00.000Z",
                "OttTranscoFilterProcessingTimeMin": 8,
                "OutputFormatIncomingRequest": "2019-05-23T22:00:00.000Z",
                "OutputFormatStatus": "failed",
                "OutputFormatSentToOtt": "2019-05-23T22:00:00.000Z",
                "OutputFormatProcessingTimeMin": 40,
                "TranscoIncomingAnswer": "2019-05-23T22:00:00.000Z",
                "TranscoAnswerStatus": "Pending",
                "TranscoAnswerTranslationSuccess": 9999999,
                "TranscoAnswerTranslationErrors": 1111111,
                "TranscoAnswerSentToClient": "2019-05-23T22:00:00.000Z",
                "TranscoAnswerProcessingTimeMin": 4,
                "GlobalProcessingTimeMin": 9
                }
    ]

}
