[
    
       
          
    {   "CODE_SILHOUETTE":"NONE",
       "CONTREMARQUE":"DMEXSC17",
       "DATE_EMON":"\/Date(1585692000000+0200)\/",
       "DATE_ENVOI_EMAIL":null,
       "DATE_ESSAI":null,
       "DATE_MAJ_BRUT":"\/Date(1586162018000+0200)\/",
       "DATE_MAJ_DEF_TITAN":"\/Date(1599138303000+0200)\/",
       "ID":786686,
       "ID_PROJET_NEO":null,
       "ID_PROJET_SPARTE":null,
       "ID_VEHICULE":190971,
       "LIB_TYPE_ESSAI":"DEMERITE EXHAUSTIF",
       "STADE_PROJET":"Pre-VRS",
       "STATUT":"PUB",
       "STATUT_TITAN":20,
       "TOTAL_DEFAUTS_GRAVES":3,
       "TOTAL_POINTS":38,
       "TYPE_ESSAI":"DMEX",
       "VIN":null,
       "VIS":"DMEXSC17",
       "numDefautsAddedAfterMailSendingNotCoded":0,
       "numDefautsAnnulleLinked":0,
       "numDefautsDeletedAfterMailSendingLinked":0,
       "numDefautsNotLinked":0
    },
    {
       "CODE_SILHOUETTE":"TEST 1",
       "CONTREMARQUE":"DMEXSC16",
       "DATE_EMON":"\/Date(1592949600000+0200)\/",
       "DATE_ENVOI_EMAIL":null,
       "DATE_ESSAI":null,
       "DATE_MAJ_BRUT":"\/Date(1586161725000+0200)\/",
       "DATE_MAJ_DEF_TITAN":"\/Date(1600239713000+0200)\/",
       "ID":786685,
       "ID_PROJET_NEO":null,
       "ID_PROJET_SPARTE":null,
       "ID_VEHICULE":190970,
       "LIB_TYPE_ESSAI":"DEMERITE EXHAUSTIF",
       "STADE_PROJET":"EL2",
       "STATUT":"PUB",
       "STATUT_TITAN":20,
       "TOTAL_DEFAUTS_GRAVES":3,
       "TOTAL_POINTS":38,
       "TYPE_ESSAI":"DMEX",
       "VIN":null,
       "VIS":"DMEXSC16",
       "numDefautsAddedAfterMailSendingNotCoded":0,
       "numDefautsAnnulleLinked":0,
       "numDefautsDeletedAfterMailSendingLinked":0,
       "numDefautsNotLinked":0
    }
 
 
   ]