[    
       
  {
    "Title": "Valid",
    "ProjectId": "01",
    "Url": "MYS65",
    "description": "MM10",
    "Status": "InPocess",
    "StatusCode": "003"
   
  },
  {
    "Title": "Test",
    "ProjectId": "02",
    "Url": "MYS65",
    "description": "MM10",
    "Status": "InPocess",
    "StatusCode": "003"
   
  },
  {
    "Title": "test3",
    "ProjectId": "03",
    "Url": "MYS65",
    "description": "MM10",
    "Status": "Deleted",
    "StatusCode": "002"
   
  },
  {
    "Title": "testo",
    "ProjectId": "04",
    "Url": "MYS65",
    "description": "MM10",
    "Status": "Closed",
    "StatusCode": "001"
   
  }

]